id,title,artist
01110fd2a1b529268ced9304,Shrines,Purity Ring
053a8db16ad15c7fb0c9ed8f,Sometimes I Wish We Were an Eagle,Bill Callahan
0619719f9ab4b6456593560a,Eat a Peach,The Allman Brothers Band
092ee0a42ab842afc30ceaf5,Changes,Charles Bradley
0f1b698bdd7f88c7fac6f0e2,"thank u, next",Ariana Grande
12f083464eec296a873032ad,COWBOY CARTER,Beyoncé
17f96048ff28777074110ab2,Best of the Vanguard Years,John Fahey
2cbe05f62b2448220c1bfbb6,II,Desire
2e9ac5d36fa3edeb0bdcf7d6,What's Going On,Marvin Gaye
347316114d067833dfa677d2,Melodrama,Lorde
38d9544c22f62abd4d31927a,I Am Your God,MOTHERMARY
3a9d437632772b0e42f29fa4,Live From Crush Palace,Karen O
3d2a7b56b913da59cd237e92,Bo Jackson,Boldy James & The Alchemist
428c0f5be004a66b48e32cda,Kinky,Kinky
470c45709e745f6246da816c,I'm Your Man,Leonard Cohen
472d2747d2637b00c3a9c0b6,Animal,Ke$ha
485251ad9bb546a3de65f44c,No Dogs Allowed,Sidney Gish
4daee4e4930e8a0af251a9a3,Alive 1997,Daft Punk
4f388b7aa3e736879f8e56bd,Disintegration,The Cure
50d89f91565424355a68294e,Lucinda Williams,Lucinda Williams
539eb4c778977c81cdd85654,"we had good times together, don't forget that",Severslyt
570cf24c6fd05b5ca52bde72,69 Love Songs,The Magnetic Fields
577205f09a7efa09b1e5a6aa,Unknown Pleasures,Joy Division
595f31cc2473bff2fab6d4f8,Kind of Blue,Miles Davis
5a082c0bf33574d03308d12b,Stranger in the Alps,Phoebe Bridgers
5a18493b1e3f08e1af6bc7a7,A Different Arrangement,Black Marble
5e739d3a4303cf30887fe5d1,Clube da Esquina,Milton Nascimento & Lô Borges
619f5b6eaacd08b1eeea872e,The Rise and Fall of a Midwest Princess,Chappell Roan
64695b1ca1a492c1c290b07c,Black on Both Sides,Mos Def
6490c061ca86d31ef198ffa8,The Dark Side of the Moon,Pink Floyd
6507b41843e0819a57d63c22,Brasilian Skies,Masayoshi Takanaka
6627668a6a3e2812fd6b0c80,Speaking in Tongues,Talking Heads
69f7f9dbdc7b61b05427ef5e,Tribute,"Keith Jarrett, Gary Peacock, Jack DeJohnette"
6d3ee81f80d733808e20783e,Pop 2,Charli XCX
6ddf70408d2acfbfa7632457,Brother's Blood,Kevin Devine
6fa630ae66ae4d8c4e2eeea4,Enter the Wu-Tang (36 Chambers),Wu-Tang Clan
70fc6e29571a0161437a5468,Hitler Wears Hermes 8: Side B,Westside Gunn
71fd0ae6a5290fb25a81fc7a,Sleep,Max Richter
724d8b9147d8569c58aef4a4,Preacher's Daughter,Ethel Cain
72bd4f7c36679be137255e9c,Purple Mountains,Purple Mountains
773da0a45d33e024f7d59cb1,New Threats From the Soul,Ryan Davis & The Roadhouse Band
790d267f9fe3300148950e95,channel ORANGE,Frank Ocean
7d0467819fe23a6dd0c51ac1,It Was Written,Nas
7decdc1e65a2bbdb28e7679a,Songs in the Key of Life,Stevie Wonder
8dc8bf8239f00df5d29c2540,The Devil and God Are Raging Inside Me,Brand New
8dfa85775f9ae25ece6a784d,Justice,Justice
8f55ffe5d849b19898caf4ca,Relationship of Command,At the Drive-In
91c369df9210551271b5fea9,In the Shadow of Clinch Mountain,The Carter Family
923524380aa77f23950a721b,Led Zeppelin IV,Led Zeppelin
9258fb905c91490a245c900c,The Queen Is Dead,The Smiths
94913693d63da0d8849bdf13,Frailty,Jane Remover
989fbe2e0730014f43988d35,Ænima,Tool
9b6bdb0b0d4481b9223da843,Is This It,The Strokes
9c1316e221f0c590bca1c50b,Adrenaline,Deftones
9c79226a288426d866c2bc81,Hejira,Joni Mitchell
a27b816f2e6bbf3c76c7d4c4,Imaginary Day,Pat Metheny Group
a89f771f4ffe9d44effc6e56,FLYGOD,Westside Gunn
b215623f67cb286ec4b0eecb,My Beautiful Dark Twisted Fantasy,Kanye West
bb941009754205b1155c8d31,Madvillainy,Madvillain
bcca0ee4ee6f88d910c28479,Yeezus,Kanye West
c396be770b30769a9d1995df,Rage Against the Machine,Rage Against the Machine
c8423eff96c6381db50b9143,a slice of life,deathbrain
c947a04c47ed0328ca9a174d,Strange Mercy,St. Vincent
caa0fb4da3d5e645d2c6752d,The Tortured Poets Department,Taylor Swift
ccc6016682e78425260baffe,The Wall,Pink Floyd
d42a9abe1329fe9bed1703d3,Siamese Dream,Smashing Pumpkins
d45ce63ee206147499099253,LUX,ROSALÍA
d7e2b5db23788ff83e85f9d2,Talking Book,Stevie Wonder
e4a4af763229c82d0b85675b,Dummy,Portishead
e554f2af23eb48e4fff9eeb0,Ys,Joanna Newsom
e5d2dfd674f69678ad9ad714,Aquemini,OutKast
e8be2fcead12e270d0e91b85,Blood on the Tracks,Bob Dylan
eb8625d9be4a020b0c37370f,Lemonade,Beyoncé
f249940186248525c9dd5408,Closing Time,Tom Waits
f28edd59115321cca1033570,Born to Die,Lana Del Rey
f2f16ee0089c762e893e0999,Birds of Fire,Mahavishnu Orchestra
f5ecaf86662e86b04a351435,In Rainbows,Radiohead
f938790f3383a24e763cee83,We Shall All Be Healed,The Mountain Goats
ff7909201fa3c9e2322b9d59,Anthology 1935-1973,Bob Wills and His Texas Playboys
