id,title,author
01fe6a5fc12d6d016a843110,The Employees: A Workplace Novel of the 22nd Century,Olga Ravn
03b2832c2a7e7468a2113e13,You Can't Go Home Again,Thomas Wolfe
058f863a864a1942cbe59a14,The Leopard: A Novel,Giuseppe di Lampedusa
0ac58721477bd580050b99d6,Portnoy's Complaint,Philip Roth
0e8e8ff43834f4419d22cb4a,The Return of the King,J.R.R. Tolkien
0eb16ed1f9030720fb602397,A Heart so White,Javier Marías
0eb6b9e61939a744e7a75ccb,The Chronicles and Essays of A.E. Housman,A.E. Housman
0f04059bfd38ab571e1352a2,John Brown: A Biography,W.E.B. Du Bois
110776abf1656159d7d479b4,Bel Canto,Ann Patchett
12c9ab2e088f81c8066643dc,Mating: A Novel,Norman Rush
13bce5f07c63e75d01debfff,Preface to Plato,Eric A. Havelock
1434f0eaeafc4305019f9a93,Gone with the Wind,Margaret Mitchell
15cf9a8885ae4e729c780ace,Star Maker,Olaf Stapledon
15d9496728598a0e93f8f73b,No Sense of Place,Joshua Meyrowitz
164375d1bc8023f65c21e306,The Case for Mars: The Plan to Settle the Red Planet and Why We Must,Robert Zubrin
19a4680ea305538dbd0849d2,Alice in Wonderland: The Original 1865 Unabridged and Complete Edition,Lewis Carroll
1ca353fc8422815cf446fbd2,"Swann's Way: In Search of Lost Time, Vol. 1",Marcel Proust
1dddf6aa9bae89ff94fd7a5a,"The Middle Ground: Indians, Empires, and Republics in the Great Lakes Region, 1650–1815",Richard White
1e91eb87f209873dccfb4a00,Dhalgren,Samuel R. Delany
2404294565a601a0f976da10,The Dispossessed,Ursula K. Le Guin
265fa885c43e272dabd76a47,Les Misérables,Victor Hugo
2684d64e7ac9de85a3e28d1a,"Reconstruction Updated Edition: America's Unfinished Revolution, 1863–1877",Eric Foner
2a31c52679466a1453cb117b,Atlas Shrugged,Ayn Rand
2d6411b9fcec4736151ab23e,In a Sunburned Country,Bill Bryson
2ef8e67f2ce73f995c0ab300,"Autumn in the Heavenly Kingdom: China, the West, and the Epic Story of the Taiping Civil War",Stephen R. Platt
2fa20d751fb94dc55a62b41f,Fighting for Life,Walter J. Ong
2fcc9926b1baed651a9065ff,Collected Poems,Philip Larkin
33a744acd36016ca468aac6b,Reminiscences of a Stock Operator,Edwin Lefèvre
33f1d486567a7e8bdea50d1d,A Walk in the Woods: Rediscovering America on the Appalachian Trail,Bill Bryson
359b3a7d99724c46065cb967,The Complete Stories,Flannery O'Connor
36d8a1d443cba211402dd140,Harry Potter and the Sorcerer's Stone,J.K. Rowling
37bc3bfeec03ef9e23f9b3ce,Leaving the Atocha Station,Ben Lerner
39fc43841a5ad52267c3fd87,"Moby-Dick; or, The Whale",Herman Melville
3b28f9aba8c0d4e964f86c3f,The Places in Between,Rory Stewart
3ded1c05e85a9ae5f947e351,Americana: A 400-Year History of American Capitalism,Bhu Srinivasan
3f18d649175260b7d7a7d2ed,The Hard Thing About Hard Things: Building a Business When There Are No Easy Answers,Ben Horowitz
420275264474fef5e6b5b2e2,The Odyssey,Homer
4679baba64eae995bbf4ac45,The Brothers Karamazov,Fyodor Dostoevsky
489a9ce9fc4fd9cc48a81511,The Enigma of Arrival,V.S. Naipaul
48e1506862f391446f6cdc33,On Writing: A Memoir of the Craft,Stephen King
4acd9f52571325591cd82692,Jesus Wept: Seven Popes and the Battle for the Soul of the Catholic Church,Philip Shenon
4b4d56f3e4c1bd63d7edde7e,Tickled to Death,Simon Brett
4d564dae57a26157c168b69a,Richard Hofstadter: Anti-Intellectualism in American Life: The Paranoid Style in American Politics: Uncollected Essays 1936-1965,Richard Hofstadter
4e6e0376e43ef3b9034efe80,Silencing the Past: Power and the Production of History,Michel-Rolph Trouillot
4f1e3efef847751762906fb2,The Possessed: Adventures with Russian Books and the People Who Read Them,Elif Batuman
5146abc1547332eaf1430c60,The Disreputable History of Frankie Landau-Banks,E. Lockhart
51ac91e91364398e5e9323f6,If on a Winter's Night a Traveller,Italo Calvino
5607c4fd5e73252a308987ce,Strangers: A Memoir of Marriage,Belle Burden
57b27fbf11cb2efa8326791e,Red Mars,Kim Stanley Robinson
57b503cd497d6b862a52b622,The Black Jacobins: Toussaint L'Ouverture and the San Domingo Revolution,C. L. R. James
5af1f0ac901da929c7199c8d,Weirdos from Another Planet!,Bill Watterson
5be316a05e7f11278254d52b,Vildanden,Henrik Ibsen
5da0bfa5a3c70da8b19c5a60,Amusing Ourselves to Death: Public Discourse in the Age of Show Business,Neil Postman
61258146fdaa537cd7191150,Recursion,Tony Ballantyne
61e760ad8bb78008eed971a1,The Source,James A. Michener
62b211cf1dcba73d9c656d40,"Castles of Steel: Britain, Germany, and the Winning of the Great War at Sea",Robert K. Massie
6395b2c3357875b10530ab97,Heart of Darkness,Joseph Conrad
63f882e43f5dfb510f7f55a0,Bigger Than a Breadbox,Steve Allen
6652e3455f67d542a4c5c37a,The Radetzky March,Joseph Roth
66c6e2d2a70288bdf8a5d34b,Master of the Senate: The Years of Lyndon Johnson,Robert A. Caro
670b44783aa91ca35007575b,About Face: The Odyssey of an American Warrior,David H. Hackworth
6834446f0e3dee293d11c38c,A Hero of Our Time,Mikhail Lermontov
68ad74fa69b3aac3b80fc415,Engines That Move Markets: Technology Investing from Railroads to the Internet and Beyond,Alasdair Nairn
690c0d87ebcc93bd83c784c8,East of Eden,John Steinbeck
691aa0b4aa50f3d5c5461284,The Mediterranean and the Mediterranean World in the Age of Philip II,Fernand Braudel
6ab41c866d5b97074cc6b766,Right-Wing Women,Andrea Dworkin
6b7c0070e365156ad039cbb5,In Storms of Steel,Ernst Jünger
6eb8c25cb400ffdfe0db008f,Class: A Guide Through the American Status System,Paul Russell
6f94ba6ea91e236e3ceafde9,A History of Western Philosophy,Bertrand Russell
70ef8d360daafb33e92208bc,The Devil in Winter,Lisa Kleypas
71d5eb3011c2176712896380,Catch-22,Joseph Heller
751a3b0396085f33484f05a4,A Perfect Spy: A Novel,John le Carré
770afcd127ebd6ab97ff4909,Angle of Repose,Wallace Stegner
7743d773f9d13cfbc18b191e,"A Line in the Sand: Britain, France and the Struggle that Shaped the Middle East",James Barr
78066d3806ab3002c905dd09,The Protestant Work Ethic and the Spirit of Capitalism,Max Weber
784cfb4a5e8e2688e48c30f1,Invisible Man,Ralph Ellison
7a822caa044e5f00c7756582,Frankenstein,Mary Shelley
83f3f0504e987ea6bf73f84f,We Tell Ourselves Stories in Order to Live: Collected Nonfiction,Joan Didion
84537b9de367b939f5e04a8d,The Master and His Emissary,Iain McGilchrist
86762be6e8493db205f4ce5a,The Art of Not Being Governed: An Anarchist History of Upland Southeast Asia,James C. Scott
88a7642100c56eaa1b65c3d5,We the Living,Ayn Rand
8ae0cb9a73ed2141e74f0681,"The Infinity Machine: Demis Hassabis, DeepMind, and the Quest for Superintelligence",Sebastian Mallaby
8c9b4e69aa0b8a04bcb2a650,Blood Meridian: Or the Evening Redness in the West,Cormac McCarthy
8cfdd431c9151ad1c0d915dc,Piranesi,Susanna Clarke
8feb232fe68b4c90c77af08d,Living the Good Life: How to Live Sanely and Simply in a Troubled World,Helen and Scott Nearing
902f2a0c47b5880898a003ce,The Decline of American Power: The U.S. in a Chaotic World,Immanuel Wallerstein
90ac84295098239d808b35de,The Crying of Lot 49,Thomas Pynchon
91094370b6e747e2f3185f76,"The Black Wave: Saudi Arabia, Iran, and the Forty-Year Rivalry That Unraveled Culture, Religion, and Collective Memory in the Middle East",Kim Ghattas
93c2451bb9c351cd8c1d7b7f,Dominion: How the Christian Revolution Remade the World,Tom Holland
94f3bf86c5cda89c65e00348,Nature's Metropolis: Chicago and the Great West,William Cronon
956877eb57bf8bcc7eaa3712,The Alignment Problem: Machine Learning and Human Values,Brian Christian
96576463a858b429395b041e,Anathem,Neal Stephenson
97bae7a26804cbf94517ef00,The Phenomenon of Man,Pierre Teilhard de Chardin
97ef28487019e64755dd57d7,Barbarian Days: A Surfing Life,William Finnegan
992a7462bc690df04e2e28d1,Dune,Frank Herbert
9e4a674fbbc75f7dc202f604,Swann's Way,Marcel Proust
9ed00c038d1f091711dc55fa,Judaism: A Way of Being,David Gelernter
9f8b6f49ac6ea8319bfe4835,A View from the Bridge,Arthur Miller
a0a8fd60a78ec2a59c326f02,The Fellowship of the Ring,J.R.R. Tolkien
a0cbd74cd494aff9061c6294,The Depths of Time,Roger macbride Allen
a1be7cdd80dd53a69499c559,The Unincorporated Man,Dani Kollin
a3a2c4faad1b0509907fa46c,Don't Blame Us: Suburban Liberals and the Transformation of the Democratic Party,Lily Geismer
a41995dd0e7bf86f5538d51c,The Plague,Albert Camus
a4dc212f642c1761890c1677,Bai Ganyo: Incredible Tales of a Modern Bulgarian,Aleko Konstantinov
a915b422d911b20683b2c921,The Fountainhead,Ayn Rand
a94fc24a81b1be3f4c4fcf52,A Farewell to Arms,Ernest Hemingway
a9ef53ca5319f87b76f9a980,Danton's Death,Georg Büchner
ac7ac787c862a819b86a4ff1,Fragments of an Anarchist Anthropology,David Graeber
ad9ce54f3338734621ea82b5,Sol Lewitt: 100 Views,Susan M Cross
adb594e48056947c7a919c65,My Brilliant Friend: The Four Volumes,Elena Ferrante
b300febc55d2582f6c4908e7,Too Like the Lightning: Book One of Terra Ignota,Ada Palmer
b65318cf2e6f8dcf853804df,Doomed Queen Anne,Carolyn Meyer
b90b57ab90c4b4849ae8976a,The Boys in the Boat: Nine Americans and Their Epic Quest for Gold at the 1936 Berlin Olympics,Daniel James Brown
b9d00cd80fb743dd2da314f0,Flatline Constructs: Gothic Materialism and Cybernetic Theory Fiction,Mark Fisher
ba508204c1091fa8b7fd6c37,Macbeth,William Shakespeare
bb681afc467a11080e8d1f8a,The Rings of Saturn,W.G. Sebald
be08eca655606d2a90620420,God Emperor of Dune,Frank Herbert
be79b615a3cf6f5f9d4a8f3f,Of Mice and Men,John Steinbeck
beec2c697e3e58f830c1cccf,Infinite Jest,David Foster Wallace
c0ca6048408b61f60e4e5d96,Snow Crash: A Novel,Neal Stephenson
c158f4ab79d7fb1b4628f319,The Two Towers,J.R.R. Tolkien
c27e9e271c2d2080737beca6,The Color of Truth: McGeorge Bundy and William Bundy: Brothers in War,Kai Bird
c29ec918dbc2bd33da8e676f,2666,Roberto Bolaño
c3848533198ab3a1d895c12d,The Stranger,Albert Camus
c6f79c722d6b9871929109b2,Paradise Lost,John Milton
c74dd4c74bc9918065b7880d,Victoria,Knut Hamsun
ca6ff12ada36bf0a395456e8,The Paradox of American Power: Why the World's Only Superpower Can't Go It Alone,Joseph S. Nye Jr
cac65786080fbe563bb45c4a,The Remains of the Day,Kazuo Ishiguro
caf5de9fd3ab909debdd6687,Q: A Deadly Historical Thriller – Papal Spy Hunts Heretic Through...,Luther Blisset
ce32e8103d1789ca77ebb376,Trouble on Triton,Samuel R. Delany
d442581e0501a526f450072b,Heartburn,Nora Ephron
d5ffe9b81a86b6c31b96d117,Ficciones,Jorge Luis Borges
d6758894b355bd25fa3920aa,To Rule All Under Heaven: A History of Classical China From Confucius to the First Emperor,Andrew Seth Meyer
d7ff74cb8b229d0378a265fc,Exhalation: Stories,Ted Chiang
d9d1b576d1a44926143d47a2,Kaputt,Curzio Malaparte
dadea8b54b1f048257fcca95,Marx's Concept of Man,Erich Fromm
dcce2e82b2d5cd6dea55473c,The Fire Next Time,James Baldwin
e0f10988eca058ca51dc93f2,Crime and Punishment,Fyodor Dostoevsky
e33f7fb4848924c4c24af44e,Penguin Island,Anatole France
e507da70783d862dea1db2e8,The Satanic Verses: A Novel,Salman Rushdie
ea5c7df78396e49bd782e99e,From Backrooms to Boardrooms: The Rise of Institutional Investment in Timberland,Daowei Zhang
eba03654fd9413c5655cbfbd,"Mariners, Renegades & Castaways",C. L. R. James
ed8e1ae0aa21cccf0b875708,The Israel-Palestine Conflict: One Hundred Years of War,James L. Gelvin
ef55db177a5e859855bc606a,The City and the Stars,Arthur C. Clarke
f400dd1a1a279e59bc809664,Slouching Towards Bethlehem: Essays,Joan Didion
f41257d940969103473b85c4,Going Postal: A Novel of Discworld,Terry Pratchett
f81320a66f37e73ff279c938,Orality and Literacy,Walter J. Ong
fa28981601ac69b2c2b31f8d,The Moral Animal: Why We Are the Way We Are: The New Science of Evolutionary Psychology,Robert Wright
