book_id,album_id,shared_readers
01fe6a5fc12d6d016a843110,428c0f5be004a66b48e32cda,1
01fe6a5fc12d6d016a843110,485251ad9bb546a3de65f44c,1
01fe6a5fc12d6d016a843110,5e739d3a4303cf30887fe5d1,1
01fe6a5fc12d6d016a843110,6d3ee81f80d733808e20783e,1
01fe6a5fc12d6d016a843110,7decdc1e65a2bbdb28e7679a,1
01fe6a5fc12d6d016a843110,9c79226a288426d866c2bc81,1
01fe6a5fc12d6d016a843110,bcca0ee4ee6f88d910c28479,1
01fe6a5fc12d6d016a843110,c947a04c47ed0328ca9a174d,1
01fe6a5fc12d6d016a843110,f938790f3383a24e763cee83,1
0e8e8ff43834f4419d22cb4a,3d2a7b56b913da59cd237e92,1
0e8e8ff43834f4419d22cb4a,539eb4c778977c81cdd85654,1
0e8e8ff43834f4419d22cb4a,5a082c0bf33574d03308d12b,1
0e8e8ff43834f4419d22cb4a,70fc6e29571a0161437a5468,1
0e8e8ff43834f4419d22cb4a,724d8b9147d8569c58aef4a4,1
0e8e8ff43834f4419d22cb4a,94913693d63da0d8849bdf13,1
0e8e8ff43834f4419d22cb4a,a27b816f2e6bbf3c76c7d4c4,1
0e8e8ff43834f4419d22cb4a,a89f771f4ffe9d44effc6e56,1
0e8e8ff43834f4419d22cb4a,c8423eff96c6381db50b9143,1
0f04059bfd38ab571e1352a2,2e9ac5d36fa3edeb0bdcf7d6,1
0f04059bfd38ab571e1352a2,64695b1ca1a492c1c290b07c,1
0f04059bfd38ab571e1352a2,6490c061ca86d31ef198ffa8,1
0f04059bfd38ab571e1352a2,6507b41843e0819a57d63c22,1
0f04059bfd38ab571e1352a2,790d267f9fe3300148950e95,1
0f04059bfd38ab571e1352a2,7d0467819fe23a6dd0c51ac1,1
0f04059bfd38ab571e1352a2,7decdc1e65a2bbdb28e7679a,1
0f04059bfd38ab571e1352a2,b215623f67cb286ec4b0eecb,1
0f04059bfd38ab571e1352a2,bb941009754205b1155c8d31,1
15cf9a8885ae4e729c780ace,2e9ac5d36fa3edeb0bdcf7d6,1
15cf9a8885ae4e729c780ace,64695b1ca1a492c1c290b07c,1
15cf9a8885ae4e729c780ace,6490c061ca86d31ef198ffa8,1
15cf9a8885ae4e729c780ace,6507b41843e0819a57d63c22,1
15cf9a8885ae4e729c780ace,790d267f9fe3300148950e95,1
15cf9a8885ae4e729c780ace,7d0467819fe23a6dd0c51ac1,1
15cf9a8885ae4e729c780ace,7decdc1e65a2bbdb28e7679a,1
15cf9a8885ae4e729c780ace,b215623f67cb286ec4b0eecb,1
15cf9a8885ae4e729c780ace,bb941009754205b1155c8d31,1
1e91eb87f209873dccfb4a00,3d2a7b56b913da59cd237e92,1
1e91eb87f209873dccfb4a00,539eb4c778977c81cdd85654,1
1e91eb87f209873dccfb4a00,5a082c0bf33574d03308d12b,1
1e91eb87f209873dccfb4a00,70fc6e29571a0161437a5468,1
1e91eb87f209873dccfb4a00,724d8b9147d8569c58aef4a4,1
1e91eb87f209873dccfb4a00,94913693d63da0d8849bdf13,1
1e91eb87f209873dccfb4a00,a27b816f2e6bbf3c76c7d4c4,1
1e91eb87f209873dccfb4a00,a89f771f4ffe9d44effc6e56,1
1e91eb87f209873dccfb4a00,c8423eff96c6381db50b9143,1
265fa885c43e272dabd76a47,428c0f5be004a66b48e32cda,1
265fa885c43e272dabd76a47,485251ad9bb546a3de65f44c,1
265fa885c43e272dabd76a47,5e739d3a4303cf30887fe5d1,1
265fa885c43e272dabd76a47,6d3ee81f80d733808e20783e,1
265fa885c43e272dabd76a47,7decdc1e65a2bbdb28e7679a,1
265fa885c43e272dabd76a47,9c79226a288426d866c2bc81,1
265fa885c43e272dabd76a47,bcca0ee4ee6f88d910c28479,1
265fa885c43e272dabd76a47,c947a04c47ed0328ca9a174d,1
265fa885c43e272dabd76a47,f938790f3383a24e763cee83,1
359b3a7d99724c46065cb967,0619719f9ab4b6456593560a,1
359b3a7d99724c46065cb967,4f388b7aa3e736879f8e56bd,1
359b3a7d99724c46065cb967,577205f09a7efa09b1e5a6aa,1
359b3a7d99724c46065cb967,595f31cc2473bff2fab6d4f8,1
359b3a7d99724c46065cb967,6627668a6a3e2812fd6b0c80,1
359b3a7d99724c46065cb967,6ddf70408d2acfbfa7632457,1
359b3a7d99724c46065cb967,8dc8bf8239f00df5d29c2540,1
359b3a7d99724c46065cb967,9258fb905c91490a245c900c,1
359b3a7d99724c46065cb967,f5ecaf86662e86b04a351435,1
39fc43841a5ad52267c3fd87,0619719f9ab4b6456593560a,1
39fc43841a5ad52267c3fd87,4f388b7aa3e736879f8e56bd,1
39fc43841a5ad52267c3fd87,577205f09a7efa09b1e5a6aa,1
39fc43841a5ad52267c3fd87,595f31cc2473bff2fab6d4f8,1
39fc43841a5ad52267c3fd87,6627668a6a3e2812fd6b0c80,1
39fc43841a5ad52267c3fd87,6ddf70408d2acfbfa7632457,1
39fc43841a5ad52267c3fd87,8dc8bf8239f00df5d29c2540,1
39fc43841a5ad52267c3fd87,9258fb905c91490a245c900c,1
39fc43841a5ad52267c3fd87,f5ecaf86662e86b04a351435,1
4e6e0376e43ef3b9034efe80,428c0f5be004a66b48e32cda,1
4e6e0376e43ef3b9034efe80,485251ad9bb546a3de65f44c,1
4e6e0376e43ef3b9034efe80,5e739d3a4303cf30887fe5d1,1
4e6e0376e43ef3b9034efe80,6d3ee81f80d733808e20783e,1
4e6e0376e43ef3b9034efe80,7decdc1e65a2bbdb28e7679a,1
4e6e0376e43ef3b9034efe80,9c79226a288426d866c2bc81,1
4e6e0376e43ef3b9034efe80,bcca0ee4ee6f88d910c28479,1
4e6e0376e43ef3b9034efe80,c947a04c47ed0328ca9a174d,1
4e6e0376e43ef3b9034efe80,f938790f3383a24e763cee83,1
51ac91e91364398e5e9323f6,428c0f5be004a66b48e32cda,1
51ac91e91364398e5e9323f6,485251ad9bb546a3de65f44c,1
51ac91e91364398e5e9323f6,5e739d3a4303cf30887fe5d1,1
51ac91e91364398e5e9323f6,6d3ee81f80d733808e20783e,1
51ac91e91364398e5e9323f6,7decdc1e65a2bbdb28e7679a,1
51ac91e91364398e5e9323f6,9c79226a288426d866c2bc81,1
51ac91e91364398e5e9323f6,bcca0ee4ee6f88d910c28479,1
51ac91e91364398e5e9323f6,c947a04c47ed0328ca9a174d,1
51ac91e91364398e5e9323f6,f938790f3383a24e763cee83,1
57b503cd497d6b862a52b622,2e9ac5d36fa3edeb0bdcf7d6,1
57b503cd497d6b862a52b622,428c0f5be004a66b48e32cda,1
57b503cd497d6b862a52b622,485251ad9bb546a3de65f44c,1
57b503cd497d6b862a52b622,5e739d3a4303cf30887fe5d1,1
57b503cd497d6b862a52b622,64695b1ca1a492c1c290b07c,1
57b503cd497d6b862a52b622,6490c061ca86d31ef198ffa8,1
57b503cd497d6b862a52b622,6507b41843e0819a57d63c22,1
57b503cd497d6b862a52b622,6d3ee81f80d733808e20783e,1
57b503cd497d6b862a52b622,790d267f9fe3300148950e95,1
57b503cd497d6b862a52b622,7d0467819fe23a6dd0c51ac1,1
57b503cd497d6b862a52b622,7decdc1e65a2bbdb28e7679a,2
57b503cd497d6b862a52b622,9c79226a288426d866c2bc81,1
57b503cd497d6b862a52b622,b215623f67cb286ec4b0eecb,1
57b503cd497d6b862a52b622,bb941009754205b1155c8d31,1
57b503cd497d6b862a52b622,bcca0ee4ee6f88d910c28479,1
57b503cd497d6b862a52b622,c947a04c47ed0328ca9a174d,1
57b503cd497d6b862a52b622,f938790f3383a24e763cee83,1
670b44783aa91ca35007575b,0619719f9ab4b6456593560a,1
670b44783aa91ca35007575b,4f388b7aa3e736879f8e56bd,1
670b44783aa91ca35007575b,577205f09a7efa09b1e5a6aa,1
670b44783aa91ca35007575b,595f31cc2473bff2fab6d4f8,1
670b44783aa91ca35007575b,6627668a6a3e2812fd6b0c80,1
670b44783aa91ca35007575b,6ddf70408d2acfbfa7632457,1
670b44783aa91ca35007575b,8dc8bf8239f00df5d29c2540,1
670b44783aa91ca35007575b,9258fb905c91490a245c900c,1
670b44783aa91ca35007575b,f5ecaf86662e86b04a351435,1
6f94ba6ea91e236e3ceafde9,0619719f9ab4b6456593560a,1
6f94ba6ea91e236e3ceafde9,4f388b7aa3e736879f8e56bd,1
6f94ba6ea91e236e3ceafde9,577205f09a7efa09b1e5a6aa,1
6f94ba6ea91e236e3ceafde9,595f31cc2473bff2fab6d4f8,1
6f94ba6ea91e236e3ceafde9,6627668a6a3e2812fd6b0c80,1
6f94ba6ea91e236e3ceafde9,6ddf70408d2acfbfa7632457,1
6f94ba6ea91e236e3ceafde9,8dc8bf8239f00df5d29c2540,1
6f94ba6ea91e236e3ceafde9,9258fb905c91490a245c900c,1
6f94ba6ea91e236e3ceafde9,f5ecaf86662e86b04a351435,1
71d5eb3011c2176712896380,0619719f9ab4b6456593560a,1
71d5eb3011c2176712896380,4f388b7aa3e736879f8e56bd,1
71d5eb3011c2176712896380,577205f09a7efa09b1e5a6aa,1
71d5eb3011c2176712896380,595f31cc2473bff2fab6d4f8,1
71d5eb3011c2176712896380,6627668a6a3e2812fd6b0c80,1
71d5eb3011c2176712896380,6ddf70408d2acfbfa7632457,1
71d5eb3011c2176712896380,8dc8bf8239f00df5d29c2540,1
71d5eb3011c2176712896380,9258fb905c91490a245c900c,1
71d5eb3011c2176712896380,f5ecaf86662e86b04a351435,1
784cfb4a5e8e2688e48c30f1,0619719f9ab4b6456593560a,1
784cfb4a5e8e2688e48c30f1,4f388b7aa3e736879f8e56bd,1
784cfb4a5e8e2688e48c30f1,577205f09a7efa09b1e5a6aa,1
784cfb4a5e8e2688e48c30f1,595f31cc2473bff2fab6d4f8,1
784cfb4a5e8e2688e48c30f1,6627668a6a3e2812fd6b0c80,1
784cfb4a5e8e2688e48c30f1,6ddf70408d2acfbfa7632457,1
784cfb4a5e8e2688e48c30f1,8dc8bf8239f00df5d29c2540,1
784cfb4a5e8e2688e48c30f1,9258fb905c91490a245c900c,1
784cfb4a5e8e2688e48c30f1,f5ecaf86662e86b04a351435,1
7a822caa044e5f00c7756582,2e9ac5d36fa3edeb0bdcf7d6,1
7a822caa044e5f00c7756582,64695b1ca1a492c1c290b07c,1
7a822caa044e5f00c7756582,6490c061ca86d31ef198ffa8,1
7a822caa044e5f00c7756582,6507b41843e0819a57d63c22,1
7a822caa044e5f00c7756582,790d267f9fe3300148950e95,1
7a822caa044e5f00c7756582,7d0467819fe23a6dd0c51ac1,1
7a822caa044e5f00c7756582,7decdc1e65a2bbdb28e7679a,1
7a822caa044e5f00c7756582,b215623f67cb286ec4b0eecb,1
7a822caa044e5f00c7756582,bb941009754205b1155c8d31,1
86762be6e8493db205f4ce5a,428c0f5be004a66b48e32cda,1
86762be6e8493db205f4ce5a,485251ad9bb546a3de65f44c,1
86762be6e8493db205f4ce5a,5e739d3a4303cf30887fe5d1,1
86762be6e8493db205f4ce5a,6d3ee81f80d733808e20783e,1
86762be6e8493db205f4ce5a,7decdc1e65a2bbdb28e7679a,1
86762be6e8493db205f4ce5a,9c79226a288426d866c2bc81,1
86762be6e8493db205f4ce5a,bcca0ee4ee6f88d910c28479,1
86762be6e8493db205f4ce5a,c947a04c47ed0328ca9a174d,1
86762be6e8493db205f4ce5a,f938790f3383a24e763cee83,1
8c9b4e69aa0b8a04bcb2a650,0619719f9ab4b6456593560a,1
8c9b4e69aa0b8a04bcb2a650,4f388b7aa3e736879f8e56bd,1
8c9b4e69aa0b8a04bcb2a650,577205f09a7efa09b1e5a6aa,1
8c9b4e69aa0b8a04bcb2a650,595f31cc2473bff2fab6d4f8,1
8c9b4e69aa0b8a04bcb2a650,6627668a6a3e2812fd6b0c80,1
8c9b4e69aa0b8a04bcb2a650,6ddf70408d2acfbfa7632457,1
8c9b4e69aa0b8a04bcb2a650,8dc8bf8239f00df5d29c2540,1
8c9b4e69aa0b8a04bcb2a650,9258fb905c91490a245c900c,1
8c9b4e69aa0b8a04bcb2a650,f5ecaf86662e86b04a351435,1
90ac84295098239d808b35de,2e9ac5d36fa3edeb0bdcf7d6,1
90ac84295098239d808b35de,64695b1ca1a492c1c290b07c,1
90ac84295098239d808b35de,6490c061ca86d31ef198ffa8,1
90ac84295098239d808b35de,6507b41843e0819a57d63c22,1
90ac84295098239d808b35de,790d267f9fe3300148950e95,1
90ac84295098239d808b35de,7d0467819fe23a6dd0c51ac1,1
90ac84295098239d808b35de,7decdc1e65a2bbdb28e7679a,1
90ac84295098239d808b35de,b215623f67cb286ec4b0eecb,1
90ac84295098239d808b35de,bb941009754205b1155c8d31,1
96576463a858b429395b041e,3d2a7b56b913da59cd237e92,1
96576463a858b429395b041e,539eb4c778977c81cdd85654,1
96576463a858b429395b041e,5a082c0bf33574d03308d12b,1
96576463a858b429395b041e,70fc6e29571a0161437a5468,1
96576463a858b429395b041e,724d8b9147d8569c58aef4a4,1
96576463a858b429395b041e,94913693d63da0d8849bdf13,1
96576463a858b429395b041e,a27b816f2e6bbf3c76c7d4c4,1
96576463a858b429395b041e,a89f771f4ffe9d44effc6e56,1
96576463a858b429395b041e,c8423eff96c6381db50b9143,1
97bae7a26804cbf94517ef00,2e9ac5d36fa3edeb0bdcf7d6,1
97bae7a26804cbf94517ef00,64695b1ca1a492c1c290b07c,1
97bae7a26804cbf94517ef00,6490c061ca86d31ef198ffa8,1
97bae7a26804cbf94517ef00,6507b41843e0819a57d63c22,1
97bae7a26804cbf94517ef00,790d267f9fe3300148950e95,1
97bae7a26804cbf94517ef00,7d0467819fe23a6dd0c51ac1,1
97bae7a26804cbf94517ef00,7decdc1e65a2bbdb28e7679a,1
97bae7a26804cbf94517ef00,b215623f67cb286ec4b0eecb,1
97bae7a26804cbf94517ef00,bb941009754205b1155c8d31,1
97ef28487019e64755dd57d7,01110fd2a1b529268ced9304,1
97ef28487019e64755dd57d7,092ee0a42ab842afc30ceaf5,1
97ef28487019e64755dd57d7,2cbe05f62b2448220c1bfbb6,1
97ef28487019e64755dd57d7,38d9544c22f62abd4d31927a,1
97ef28487019e64755dd57d7,3a9d437632772b0e42f29fa4,1
97ef28487019e64755dd57d7,4daee4e4930e8a0af251a9a3,1
97ef28487019e64755dd57d7,5a18493b1e3f08e1af6bc7a7,1
97ef28487019e64755dd57d7,71fd0ae6a5290fb25a81fc7a,1
97ef28487019e64755dd57d7,8dfa85775f9ae25ece6a784d,1
992a7462bc690df04e2e28d1,01110fd2a1b529268ced9304,1
992a7462bc690df04e2e28d1,092ee0a42ab842afc30ceaf5,1
992a7462bc690df04e2e28d1,2cbe05f62b2448220c1bfbb6,1
992a7462bc690df04e2e28d1,38d9544c22f62abd4d31927a,1
992a7462bc690df04e2e28d1,3a9d437632772b0e42f29fa4,1
992a7462bc690df04e2e28d1,4daee4e4930e8a0af251a9a3,1
992a7462bc690df04e2e28d1,5a18493b1e3f08e1af6bc7a7,1
992a7462bc690df04e2e28d1,71fd0ae6a5290fb25a81fc7a,1
992a7462bc690df04e2e28d1,8dfa85775f9ae25ece6a784d,1
9f8b6f49ac6ea8319bfe4835,01110fd2a1b529268ced9304,1
9f8b6f49ac6ea8319bfe4835,092ee0a42ab842afc30ceaf5,1
9f8b6f49ac6ea8319bfe4835,2cbe05f62b2448220c1bfbb6,1
9f8b6f49ac6ea8319bfe4835,38d9544c22f62abd4d31927a,1
9f8b6f49ac6ea8319bfe4835,3a9d437632772b0e42f29fa4,1
9f8b6f49ac6ea8319bfe4835,4daee4e4930e8a0af251a9a3,1
9f8b6f49ac6ea8319bfe4835,5a18493b1e3f08e1af6bc7a7,1
9f8b6f49ac6ea8319bfe4835,71fd0ae6a5290fb25a81fc7a,1
9f8b6f49ac6ea8319bfe4835,8dfa85775f9ae25ece6a784d,1
a0a8fd60a78ec2a59c326f02,3d2a7b56b913da59cd237e92,1
a0a8fd60a78ec2a59c326f02,539eb4c778977c81cdd85654,1
a0a8fd60a78ec2a59c326f02,5a082c0bf33574d03308d12b,1
a0a8fd60a78ec2a59c326f02,70fc6e29571a0161437a5468,1
a0a8fd60a78ec2a59c326f02,724d8b9147d8569c58aef4a4,1
a0a8fd60a78ec2a59c326f02,94913693d63da0d8849bdf13,1
a0a8fd60a78ec2a59c326f02,a27b816f2e6bbf3c76c7d4c4,1
a0a8fd60a78ec2a59c326f02,a89f771f4ffe9d44effc6e56,1
a0a8fd60a78ec2a59c326f02,c8423eff96c6381db50b9143,1
a94fc24a81b1be3f4c4fcf52,0619719f9ab4b6456593560a,1
a94fc24a81b1be3f4c4fcf52,4f388b7aa3e736879f8e56bd,1
a94fc24a81b1be3f4c4fcf52,577205f09a7efa09b1e5a6aa,1
a94fc24a81b1be3f4c4fcf52,595f31cc2473bff2fab6d4f8,1
a94fc24a81b1be3f4c4fcf52,6627668a6a3e2812fd6b0c80,1
a94fc24a81b1be3f4c4fcf52,6ddf70408d2acfbfa7632457,1
a94fc24a81b1be3f4c4fcf52,8dc8bf8239f00df5d29c2540,1
a94fc24a81b1be3f4c4fcf52,9258fb905c91490a245c900c,1
a94fc24a81b1be3f4c4fcf52,f5ecaf86662e86b04a351435,1
ac7ac787c862a819b86a4ff1,2e9ac5d36fa3edeb0bdcf7d6,1
ac7ac787c862a819b86a4ff1,64695b1ca1a492c1c290b07c,1
ac7ac787c862a819b86a4ff1,6490c061ca86d31ef198ffa8,1
ac7ac787c862a819b86a4ff1,6507b41843e0819a57d63c22,1
ac7ac787c862a819b86a4ff1,790d267f9fe3300148950e95,1
ac7ac787c862a819b86a4ff1,7d0467819fe23a6dd0c51ac1,1
ac7ac787c862a819b86a4ff1,7decdc1e65a2bbdb28e7679a,1
ac7ac787c862a819b86a4ff1,b215623f67cb286ec4b0eecb,1
ac7ac787c862a819b86a4ff1,bb941009754205b1155c8d31,1
ad9ce54f3338734621ea82b5,01110fd2a1b529268ced9304,1
ad9ce54f3338734621ea82b5,092ee0a42ab842afc30ceaf5,1
ad9ce54f3338734621ea82b5,2cbe05f62b2448220c1bfbb6,1
ad9ce54f3338734621ea82b5,38d9544c22f62abd4d31927a,1
ad9ce54f3338734621ea82b5,3a9d437632772b0e42f29fa4,1
ad9ce54f3338734621ea82b5,4daee4e4930e8a0af251a9a3,1
ad9ce54f3338734621ea82b5,5a18493b1e3f08e1af6bc7a7,1
ad9ce54f3338734621ea82b5,71fd0ae6a5290fb25a81fc7a,1
ad9ce54f3338734621ea82b5,8dfa85775f9ae25ece6a784d,1
adb594e48056947c7a919c65,428c0f5be004a66b48e32cda,1
adb594e48056947c7a919c65,485251ad9bb546a3de65f44c,1
adb594e48056947c7a919c65,5e739d3a4303cf30887fe5d1,1
adb594e48056947c7a919c65,6d3ee81f80d733808e20783e,1
adb594e48056947c7a919c65,7decdc1e65a2bbdb28e7679a,1
adb594e48056947c7a919c65,9c79226a288426d866c2bc81,1
adb594e48056947c7a919c65,bcca0ee4ee6f88d910c28479,1
adb594e48056947c7a919c65,c947a04c47ed0328ca9a174d,1
adb594e48056947c7a919c65,f938790f3383a24e763cee83,1
b300febc55d2582f6c4908e7,428c0f5be004a66b48e32cda,1
b300febc55d2582f6c4908e7,485251ad9bb546a3de65f44c,1
b300febc55d2582f6c4908e7,5e739d3a4303cf30887fe5d1,1
b300febc55d2582f6c4908e7,6d3ee81f80d733808e20783e,1
b300febc55d2582f6c4908e7,7decdc1e65a2bbdb28e7679a,1
b300febc55d2582f6c4908e7,9c79226a288426d866c2bc81,1
b300febc55d2582f6c4908e7,bcca0ee4ee6f88d910c28479,1
b300febc55d2582f6c4908e7,c947a04c47ed0328ca9a174d,1
b300febc55d2582f6c4908e7,f938790f3383a24e763cee83,1
b90b57ab90c4b4849ae8976a,01110fd2a1b529268ced9304,1
b90b57ab90c4b4849ae8976a,092ee0a42ab842afc30ceaf5,1
b90b57ab90c4b4849ae8976a,2cbe05f62b2448220c1bfbb6,1
b90b57ab90c4b4849ae8976a,38d9544c22f62abd4d31927a,1
b90b57ab90c4b4849ae8976a,3a9d437632772b0e42f29fa4,1
b90b57ab90c4b4849ae8976a,4daee4e4930e8a0af251a9a3,1
b90b57ab90c4b4849ae8976a,5a18493b1e3f08e1af6bc7a7,1
b90b57ab90c4b4849ae8976a,71fd0ae6a5290fb25a81fc7a,1
b90b57ab90c4b4849ae8976a,8dfa85775f9ae25ece6a784d,1
b9d00cd80fb743dd2da314f0,3d2a7b56b913da59cd237e92,1
b9d00cd80fb743dd2da314f0,539eb4c778977c81cdd85654,1
b9d00cd80fb743dd2da314f0,5a082c0bf33574d03308d12b,1
b9d00cd80fb743dd2da314f0,70fc6e29571a0161437a5468,1
b9d00cd80fb743dd2da314f0,724d8b9147d8569c58aef4a4,1
b9d00cd80fb743dd2da314f0,94913693d63da0d8849bdf13,1
b9d00cd80fb743dd2da314f0,a27b816f2e6bbf3c76c7d4c4,1
b9d00cd80fb743dd2da314f0,a89f771f4ffe9d44effc6e56,1
b9d00cd80fb743dd2da314f0,c8423eff96c6381db50b9143,1
ba508204c1091fa8b7fd6c37,01110fd2a1b529268ced9304,1
ba508204c1091fa8b7fd6c37,092ee0a42ab842afc30ceaf5,1
ba508204c1091fa8b7fd6c37,2cbe05f62b2448220c1bfbb6,1
ba508204c1091fa8b7fd6c37,38d9544c22f62abd4d31927a,1
ba508204c1091fa8b7fd6c37,3a9d437632772b0e42f29fa4,1
ba508204c1091fa8b7fd6c37,4daee4e4930e8a0af251a9a3,1
ba508204c1091fa8b7fd6c37,5a18493b1e3f08e1af6bc7a7,1
ba508204c1091fa8b7fd6c37,71fd0ae6a5290fb25a81fc7a,1
ba508204c1091fa8b7fd6c37,8dfa85775f9ae25ece6a784d,1
be08eca655606d2a90620420,01110fd2a1b529268ced9304,1
be08eca655606d2a90620420,092ee0a42ab842afc30ceaf5,1
be08eca655606d2a90620420,2cbe05f62b2448220c1bfbb6,1
be08eca655606d2a90620420,38d9544c22f62abd4d31927a,1
be08eca655606d2a90620420,3a9d437632772b0e42f29fa4,1
be08eca655606d2a90620420,4daee4e4930e8a0af251a9a3,1
be08eca655606d2a90620420,5a18493b1e3f08e1af6bc7a7,1
be08eca655606d2a90620420,71fd0ae6a5290fb25a81fc7a,1
be08eca655606d2a90620420,8dfa85775f9ae25ece6a784d,1
c0ca6048408b61f60e4e5d96,01110fd2a1b529268ced9304,1
c0ca6048408b61f60e4e5d96,092ee0a42ab842afc30ceaf5,1
c0ca6048408b61f60e4e5d96,2cbe05f62b2448220c1bfbb6,1
c0ca6048408b61f60e4e5d96,38d9544c22f62abd4d31927a,1
c0ca6048408b61f60e4e5d96,3a9d437632772b0e42f29fa4,1
c0ca6048408b61f60e4e5d96,4daee4e4930e8a0af251a9a3,1
c0ca6048408b61f60e4e5d96,5a18493b1e3f08e1af6bc7a7,1
c0ca6048408b61f60e4e5d96,71fd0ae6a5290fb25a81fc7a,1
c0ca6048408b61f60e4e5d96,8dfa85775f9ae25ece6a784d,1
c158f4ab79d7fb1b4628f319,3d2a7b56b913da59cd237e92,1
c158f4ab79d7fb1b4628f319,539eb4c778977c81cdd85654,1
c158f4ab79d7fb1b4628f319,5a082c0bf33574d03308d12b,1
c158f4ab79d7fb1b4628f319,70fc6e29571a0161437a5468,1
c158f4ab79d7fb1b4628f319,724d8b9147d8569c58aef4a4,1
c158f4ab79d7fb1b4628f319,94913693d63da0d8849bdf13,1
c158f4ab79d7fb1b4628f319,a27b816f2e6bbf3c76c7d4c4,1
c158f4ab79d7fb1b4628f319,a89f771f4ffe9d44effc6e56,1
c158f4ab79d7fb1b4628f319,c8423eff96c6381db50b9143,1
c29ec918dbc2bd33da8e676f,3d2a7b56b913da59cd237e92,1
c29ec918dbc2bd33da8e676f,539eb4c778977c81cdd85654,1
c29ec918dbc2bd33da8e676f,5a082c0bf33574d03308d12b,1
c29ec918dbc2bd33da8e676f,70fc6e29571a0161437a5468,1
c29ec918dbc2bd33da8e676f,724d8b9147d8569c58aef4a4,1
c29ec918dbc2bd33da8e676f,94913693d63da0d8849bdf13,1
c29ec918dbc2bd33da8e676f,a27b816f2e6bbf3c76c7d4c4,1
c29ec918dbc2bd33da8e676f,a89f771f4ffe9d44effc6e56,1
c29ec918dbc2bd33da8e676f,c8423eff96c6381db50b9143,1
c6f79c722d6b9871929109b2,2e9ac5d36fa3edeb0bdcf7d6,1
c6f79c722d6b9871929109b2,64695b1ca1a492c1c290b07c,1
c6f79c722d6b9871929109b2,6490c061ca86d31ef198ffa8,1
c6f79c722d6b9871929109b2,6507b41843e0819a57d63c22,1
c6f79c722d6b9871929109b2,790d267f9fe3300148950e95,1
c6f79c722d6b9871929109b2,7d0467819fe23a6dd0c51ac1,1
c6f79c722d6b9871929109b2,7decdc1e65a2bbdb28e7679a,1
c6f79c722d6b9871929109b2,b215623f67cb286ec4b0eecb,1
c6f79c722d6b9871929109b2,bb941009754205b1155c8d31,1
ce32e8103d1789ca77ebb376,428c0f5be004a66b48e32cda,1
ce32e8103d1789ca77ebb376,485251ad9bb546a3de65f44c,1
ce32e8103d1789ca77ebb376,5e739d3a4303cf30887fe5d1,1
ce32e8103d1789ca77ebb376,6d3ee81f80d733808e20783e,1
ce32e8103d1789ca77ebb376,7decdc1e65a2bbdb28e7679a,1
ce32e8103d1789ca77ebb376,9c79226a288426d866c2bc81,1
ce32e8103d1789ca77ebb376,bcca0ee4ee6f88d910c28479,1
ce32e8103d1789ca77ebb376,c947a04c47ed0328ca9a174d,1
ce32e8103d1789ca77ebb376,f938790f3383a24e763cee83,1
d6758894b355bd25fa3920aa,3d2a7b56b913da59cd237e92,1
d6758894b355bd25fa3920aa,539eb4c778977c81cdd85654,1
d6758894b355bd25fa3920aa,5a082c0bf33574d03308d12b,1
d6758894b355bd25fa3920aa,70fc6e29571a0161437a5468,1
d6758894b355bd25fa3920aa,724d8b9147d8569c58aef4a4,1
d6758894b355bd25fa3920aa,94913693d63da0d8849bdf13,1
d6758894b355bd25fa3920aa,a27b816f2e6bbf3c76c7d4c4,1
d6758894b355bd25fa3920aa,a89f771f4ffe9d44effc6e56,1
d6758894b355bd25fa3920aa,c8423eff96c6381db50b9143,1
d7ff74cb8b229d0378a265fc,01110fd2a1b529268ced9304,1
d7ff74cb8b229d0378a265fc,092ee0a42ab842afc30ceaf5,1
d7ff74cb8b229d0378a265fc,2cbe05f62b2448220c1bfbb6,1
d7ff74cb8b229d0378a265fc,38d9544c22f62abd4d31927a,1
d7ff74cb8b229d0378a265fc,3a9d437632772b0e42f29fa4,1
d7ff74cb8b229d0378a265fc,4daee4e4930e8a0af251a9a3,1
d7ff74cb8b229d0378a265fc,5a18493b1e3f08e1af6bc7a7,1
d7ff74cb8b229d0378a265fc,71fd0ae6a5290fb25a81fc7a,1
d7ff74cb8b229d0378a265fc,8dfa85775f9ae25ece6a784d,1
dcce2e82b2d5cd6dea55473c,2e9ac5d36fa3edeb0bdcf7d6,1
dcce2e82b2d5cd6dea55473c,64695b1ca1a492c1c290b07c,1
dcce2e82b2d5cd6dea55473c,6490c061ca86d31ef198ffa8,1
dcce2e82b2d5cd6dea55473c,6507b41843e0819a57d63c22,1
dcce2e82b2d5cd6dea55473c,790d267f9fe3300148950e95,1
dcce2e82b2d5cd6dea55473c,7d0467819fe23a6dd0c51ac1,1
dcce2e82b2d5cd6dea55473c,7decdc1e65a2bbdb28e7679a,1
dcce2e82b2d5cd6dea55473c,b215623f67cb286ec4b0eecb,1
dcce2e82b2d5cd6dea55473c,bb941009754205b1155c8d31,1
e0f10988eca058ca51dc93f2,0619719f9ab4b6456593560a,1
e0f10988eca058ca51dc93f2,3d2a7b56b913da59cd237e92,1
e0f10988eca058ca51dc93f2,4f388b7aa3e736879f8e56bd,1
e0f10988eca058ca51dc93f2,539eb4c778977c81cdd85654,1
e0f10988eca058ca51dc93f2,577205f09a7efa09b1e5a6aa,1
e0f10988eca058ca51dc93f2,595f31cc2473bff2fab6d4f8,1
e0f10988eca058ca51dc93f2,5a082c0bf33574d03308d12b,1
e0f10988eca058ca51dc93f2,6627668a6a3e2812fd6b0c80,1
e0f10988eca058ca51dc93f2,6ddf70408d2acfbfa7632457,1
e0f10988eca058ca51dc93f2,70fc6e29571a0161437a5468,1
e0f10988eca058ca51dc93f2,724d8b9147d8569c58aef4a4,1
e0f10988eca058ca51dc93f2,8dc8bf8239f00df5d29c2540,1
e0f10988eca058ca51dc93f2,9258fb905c91490a245c900c,1
e0f10988eca058ca51dc93f2,94913693d63da0d8849bdf13,1
e0f10988eca058ca51dc93f2,a27b816f2e6bbf3c76c7d4c4,1
e0f10988eca058ca51dc93f2,a89f771f4ffe9d44effc6e56,1
e0f10988eca058ca51dc93f2,c8423eff96c6381db50b9143,1
e0f10988eca058ca51dc93f2,f5ecaf86662e86b04a351435,1
