book,author,album,artist,shared_readers
The Black Jacobins: Toussaint L'Ouverture and the San Domingo Revolution,C. L. R. James,Songs in the Key of Life,Stevie Wonder,2
The Employees: A Workplace Novel of the 22nd Century,Olga Ravn,Kinky,Kinky,1
The Employees: A Workplace Novel of the 22nd Century,Olga Ravn,No Dogs Allowed,Sidney Gish,1
The Employees: A Workplace Novel of the 22nd Century,Olga Ravn,Clube da Esquina,Milton Nascimento & Lô Borges,1
The Employees: A Workplace Novel of the 22nd Century,Olga Ravn,Pop 2,Charli XCX,1
The Employees: A Workplace Novel of the 22nd Century,Olga Ravn,Songs in the Key of Life,Stevie Wonder,1
The Employees: A Workplace Novel of the 22nd Century,Olga Ravn,Hejira,Joni Mitchell,1
The Employees: A Workplace Novel of the 22nd Century,Olga Ravn,Yeezus,Kanye West,1
The Employees: A Workplace Novel of the 22nd Century,Olga Ravn,Strange Mercy,St. Vincent,1
The Employees: A Workplace Novel of the 22nd Century,Olga Ravn,We Shall All Be Healed,The Mountain Goats,1
The Return of the King,J.R.R. Tolkien,Bo Jackson,Boldy James & The Alchemist,1
The Return of the King,J.R.R. Tolkien,"we had good times together, don't forget that",Severslyt,1
The Return of the King,J.R.R. Tolkien,Stranger in the Alps,Phoebe Bridgers,1
The Return of the King,J.R.R. Tolkien,Hitler Wears Hermes 8: Side B,Westside Gunn,1
The Return of the King,J.R.R. Tolkien,Preacher's Daughter,Ethel Cain,1
The Return of the King,J.R.R. Tolkien,Frailty,Jane Remover,1
The Return of the King,J.R.R. Tolkien,Imaginary Day,Pat Metheny Group,1
The Return of the King,J.R.R. Tolkien,FLYGOD,Westside Gunn,1
The Return of the King,J.R.R. Tolkien,a slice of life,deathbrain,1
John Brown: A Biography,W.E.B. Du Bois,What's Going On,Marvin Gaye,1
John Brown: A Biography,W.E.B. Du Bois,Black on Both Sides,Mos Def,1
John Brown: A Biography,W.E.B. Du Bois,The Dark Side of the Moon,Pink Floyd,1
John Brown: A Biography,W.E.B. Du Bois,Brasilian Skies,Masayoshi Takanaka,1
John Brown: A Biography,W.E.B. Du Bois,channel ORANGE,Frank Ocean,1
John Brown: A Biography,W.E.B. Du Bois,It Was Written,Nas,1
John Brown: A Biography,W.E.B. Du Bois,Songs in the Key of Life,Stevie Wonder,1
John Brown: A Biography,W.E.B. Du Bois,My Beautiful Dark Twisted Fantasy,Kanye West,1
John Brown: A Biography,W.E.B. Du Bois,Madvillainy,Madvillain,1
Star Maker,Olaf Stapledon,What's Going On,Marvin Gaye,1
Star Maker,Olaf Stapledon,Black on Both Sides,Mos Def,1
Star Maker,Olaf Stapledon,The Dark Side of the Moon,Pink Floyd,1
Star Maker,Olaf Stapledon,Brasilian Skies,Masayoshi Takanaka,1
Star Maker,Olaf Stapledon,channel ORANGE,Frank Ocean,1
Star Maker,Olaf Stapledon,It Was Written,Nas,1
Star Maker,Olaf Stapledon,Songs in the Key of Life,Stevie Wonder,1
Star Maker,Olaf Stapledon,My Beautiful Dark Twisted Fantasy,Kanye West,1
Star Maker,Olaf Stapledon,Madvillainy,Madvillain,1
Dhalgren,Samuel R. Delany,Bo Jackson,Boldy James & The Alchemist,1
Dhalgren,Samuel R. Delany,"we had good times together, don't forget that",Severslyt,1
Dhalgren,Samuel R. Delany,Stranger in the Alps,Phoebe Bridgers,1
Dhalgren,Samuel R. Delany,Hitler Wears Hermes 8: Side B,Westside Gunn,1
Dhalgren,Samuel R. Delany,Preacher's Daughter,Ethel Cain,1
Dhalgren,Samuel R. Delany,Frailty,Jane Remover,1
Dhalgren,Samuel R. Delany,Imaginary Day,Pat Metheny Group,1
Dhalgren,Samuel R. Delany,FLYGOD,Westside Gunn,1
Dhalgren,Samuel R. Delany,a slice of life,deathbrain,1
Les Misérables,Victor Hugo,Kinky,Kinky,1
Les Misérables,Victor Hugo,No Dogs Allowed,Sidney Gish,1
Les Misérables,Victor Hugo,Clube da Esquina,Milton Nascimento & Lô Borges,1
Les Misérables,Victor Hugo,Pop 2,Charli XCX,1
Les Misérables,Victor Hugo,Songs in the Key of Life,Stevie Wonder,1
Les Misérables,Victor Hugo,Hejira,Joni Mitchell,1
Les Misérables,Victor Hugo,Yeezus,Kanye West,1
Les Misérables,Victor Hugo,Strange Mercy,St. Vincent,1
Les Misérables,Victor Hugo,We Shall All Be Healed,The Mountain Goats,1
The Complete Stories,Flannery O'Connor,Eat a Peach,The Allman Brothers Band,1
The Complete Stories,Flannery O'Connor,Disintegration,The Cure,1
The Complete Stories,Flannery O'Connor,Unknown Pleasures,Joy Division,1
The Complete Stories,Flannery O'Connor,Kind of Blue,Miles Davis,1
The Complete Stories,Flannery O'Connor,Speaking in Tongues,Talking Heads,1
The Complete Stories,Flannery O'Connor,Brother's Blood,Kevin Devine,1
The Complete Stories,Flannery O'Connor,The Devil and God Are Raging Inside Me,Brand New,1
The Complete Stories,Flannery O'Connor,The Queen Is Dead,The Smiths,1
The Complete Stories,Flannery O'Connor,In Rainbows,Radiohead,1
"Moby-Dick; or, The Whale",Herman Melville,Eat a Peach,The Allman Brothers Band,1
"Moby-Dick; or, The Whale",Herman Melville,Disintegration,The Cure,1
"Moby-Dick; or, The Whale",Herman Melville,Unknown Pleasures,Joy Division,1
"Moby-Dick; or, The Whale",Herman Melville,Kind of Blue,Miles Davis,1
"Moby-Dick; or, The Whale",Herman Melville,Speaking in Tongues,Talking Heads,1
"Moby-Dick; or, The Whale",Herman Melville,Brother's Blood,Kevin Devine,1
"Moby-Dick; or, The Whale",Herman Melville,The Devil and God Are Raging Inside Me,Brand New,1
"Moby-Dick; or, The Whale",Herman Melville,The Queen Is Dead,The Smiths,1
"Moby-Dick; or, The Whale",Herman Melville,In Rainbows,Radiohead,1
Silencing the Past: Power and the Production of History,Michel-Rolph Trouillot,Kinky,Kinky,1
Silencing the Past: Power and the Production of History,Michel-Rolph Trouillot,No Dogs Allowed,Sidney Gish,1
Silencing the Past: Power and the Production of History,Michel-Rolph Trouillot,Clube da Esquina,Milton Nascimento & Lô Borges,1
Silencing the Past: Power and the Production of History,Michel-Rolph Trouillot,Pop 2,Charli XCX,1
Silencing the Past: Power and the Production of History,Michel-Rolph Trouillot,Songs in the Key of Life,Stevie Wonder,1
Silencing the Past: Power and the Production of History,Michel-Rolph Trouillot,Hejira,Joni Mitchell,1
Silencing the Past: Power and the Production of History,Michel-Rolph Trouillot,Yeezus,Kanye West,1
Silencing the Past: Power and the Production of History,Michel-Rolph Trouillot,Strange Mercy,St. Vincent,1
Silencing the Past: Power and the Production of History,Michel-Rolph Trouillot,We Shall All Be Healed,The Mountain Goats,1
If on a Winter's Night a Traveller,Italo Calvino,Kinky,Kinky,1
If on a Winter's Night a Traveller,Italo Calvino,No Dogs Allowed,Sidney Gish,1
If on a Winter's Night a Traveller,Italo Calvino,Clube da Esquina,Milton Nascimento & Lô Borges,1
If on a Winter's Night a Traveller,Italo Calvino,Pop 2,Charli XCX,1
If on a Winter's Night a Traveller,Italo Calvino,Songs in the Key of Life,Stevie Wonder,1
If on a Winter's Night a Traveller,Italo Calvino,Hejira,Joni Mitchell,1
If on a Winter's Night a Traveller,Italo Calvino,Yeezus,Kanye West,1
If on a Winter's Night a Traveller,Italo Calvino,Strange Mercy,St. Vincent,1
If on a Winter's Night a Traveller,Italo Calvino,We Shall All Be Healed,The Mountain Goats,1
The Black Jacobins: Toussaint L'Ouverture and the San Domingo Revolution,C. L. R. James,What's Going On,Marvin Gaye,1
The Black Jacobins: Toussaint L'Ouverture and the San Domingo Revolution,C. L. R. James,Kinky,Kinky,1
The Black Jacobins: Toussaint L'Ouverture and the San Domingo Revolution,C. L. R. James,No Dogs Allowed,Sidney Gish,1
The Black Jacobins: Toussaint L'Ouverture and the San Domingo Revolution,C. L. R. James,Clube da Esquina,Milton Nascimento & Lô Borges,1
The Black Jacobins: Toussaint L'Ouverture and the San Domingo Revolution,C. L. R. James,Black on Both Sides,Mos Def,1
The Black Jacobins: Toussaint L'Ouverture and the San Domingo Revolution,C. L. R. James,The Dark Side of the Moon,Pink Floyd,1
The Black Jacobins: Toussaint L'Ouverture and the San Domingo Revolution,C. L. R. James,Brasilian Skies,Masayoshi Takanaka,1
The Black Jacobins: Toussaint L'Ouverture and the San Domingo Revolution,C. L. R. James,Pop 2,Charli XCX,1
The Black Jacobins: Toussaint L'Ouverture and the San Domingo Revolution,C. L. R. James,channel ORANGE,Frank Ocean,1
The Black Jacobins: Toussaint L'Ouverture and the San Domingo Revolution,C. L. R. James,It Was Written,Nas,1
The Black Jacobins: Toussaint L'Ouverture and the San Domingo Revolution,C. L. R. James,Hejira,Joni Mitchell,1
The Black Jacobins: Toussaint L'Ouverture and the San Domingo Revolution,C. L. R. James,My Beautiful Dark Twisted Fantasy,Kanye West,1
The Black Jacobins: Toussaint L'Ouverture and the San Domingo Revolution,C. L. R. James,Madvillainy,Madvillain,1
The Black Jacobins: Toussaint L'Ouverture and the San Domingo Revolution,C. L. R. James,Yeezus,Kanye West,1
The Black Jacobins: Toussaint L'Ouverture and the San Domingo Revolution,C. L. R. James,Strange Mercy,St. Vincent,1
The Black Jacobins: Toussaint L'Ouverture and the San Domingo Revolution,C. L. R. James,We Shall All Be Healed,The Mountain Goats,1
About Face: The Odyssey of an American Warrior,David H. Hackworth,Eat a Peach,The Allman Brothers Band,1
About Face: The Odyssey of an American Warrior,David H. Hackworth,Disintegration,The Cure,1
About Face: The Odyssey of an American Warrior,David H. Hackworth,Unknown Pleasures,Joy Division,1
About Face: The Odyssey of an American Warrior,David H. Hackworth,Kind of Blue,Miles Davis,1
About Face: The Odyssey of an American Warrior,David H. Hackworth,Speaking in Tongues,Talking Heads,1
About Face: The Odyssey of an American Warrior,David H. Hackworth,Brother's Blood,Kevin Devine,1
About Face: The Odyssey of an American Warrior,David H. Hackworth,The Devil and God Are Raging Inside Me,Brand New,1
About Face: The Odyssey of an American Warrior,David H. Hackworth,The Queen Is Dead,The Smiths,1
About Face: The Odyssey of an American Warrior,David H. Hackworth,In Rainbows,Radiohead,1
A History of Western Philosophy,Bertrand Russell,Eat a Peach,The Allman Brothers Band,1
A History of Western Philosophy,Bertrand Russell,Disintegration,The Cure,1
A History of Western Philosophy,Bertrand Russell,Unknown Pleasures,Joy Division,1
A History of Western Philosophy,Bertrand Russell,Kind of Blue,Miles Davis,1
A History of Western Philosophy,Bertrand Russell,Speaking in Tongues,Talking Heads,1
A History of Western Philosophy,Bertrand Russell,Brother's Blood,Kevin Devine,1
A History of Western Philosophy,Bertrand Russell,The Devil and God Are Raging Inside Me,Brand New,1
A History of Western Philosophy,Bertrand Russell,The Queen Is Dead,The Smiths,1
A History of Western Philosophy,Bertrand Russell,In Rainbows,Radiohead,1
Catch-22,Joseph Heller,Eat a Peach,The Allman Brothers Band,1
Catch-22,Joseph Heller,Disintegration,The Cure,1
Catch-22,Joseph Heller,Unknown Pleasures,Joy Division,1
Catch-22,Joseph Heller,Kind of Blue,Miles Davis,1
Catch-22,Joseph Heller,Speaking in Tongues,Talking Heads,1
Catch-22,Joseph Heller,Brother's Blood,Kevin Devine,1
Catch-22,Joseph Heller,The Devil and God Are Raging Inside Me,Brand New,1
Catch-22,Joseph Heller,The Queen Is Dead,The Smiths,1
Catch-22,Joseph Heller,In Rainbows,Radiohead,1
Invisible Man,Ralph Ellison,Eat a Peach,The Allman Brothers Band,1
Invisible Man,Ralph Ellison,Disintegration,The Cure,1
Invisible Man,Ralph Ellison,Unknown Pleasures,Joy Division,1
Invisible Man,Ralph Ellison,Kind of Blue,Miles Davis,1
Invisible Man,Ralph Ellison,Speaking in Tongues,Talking Heads,1
Invisible Man,Ralph Ellison,Brother's Blood,Kevin Devine,1
Invisible Man,Ralph Ellison,The Devil and God Are Raging Inside Me,Brand New,1
Invisible Man,Ralph Ellison,The Queen Is Dead,The Smiths,1
Invisible Man,Ralph Ellison,In Rainbows,Radiohead,1
Frankenstein,Mary Shelley,What's Going On,Marvin Gaye,1
Frankenstein,Mary Shelley,Black on Both Sides,Mos Def,1
Frankenstein,Mary Shelley,The Dark Side of the Moon,Pink Floyd,1
Frankenstein,Mary Shelley,Brasilian Skies,Masayoshi Takanaka,1
Frankenstein,Mary Shelley,channel ORANGE,Frank Ocean,1
Frankenstein,Mary Shelley,It Was Written,Nas,1
Frankenstein,Mary Shelley,Songs in the Key of Life,Stevie Wonder,1
Frankenstein,Mary Shelley,My Beautiful Dark Twisted Fantasy,Kanye West,1
Frankenstein,Mary Shelley,Madvillainy,Madvillain,1
The Art of Not Being Governed: An Anarchist History of Upland Southeast Asia,James C. Scott,Kinky,Kinky,1
The Art of Not Being Governed: An Anarchist History of Upland Southeast Asia,James C. Scott,No Dogs Allowed,Sidney Gish,1
The Art of Not Being Governed: An Anarchist History of Upland Southeast Asia,James C. Scott,Clube da Esquina,Milton Nascimento & Lô Borges,1
The Art of Not Being Governed: An Anarchist History of Upland Southeast Asia,James C. Scott,Pop 2,Charli XCX,1
The Art of Not Being Governed: An Anarchist History of Upland Southeast Asia,James C. Scott,Songs in the Key of Life,Stevie Wonder,1
The Art of Not Being Governed: An Anarchist History of Upland Southeast Asia,James C. Scott,Hejira,Joni Mitchell,1
The Art of Not Being Governed: An Anarchist History of Upland Southeast Asia,James C. Scott,Yeezus,Kanye West,1
The Art of Not Being Governed: An Anarchist History of Upland Southeast Asia,James C. Scott,Strange Mercy,St. Vincent,1
The Art of Not Being Governed: An Anarchist History of Upland Southeast Asia,James C. Scott,We Shall All Be Healed,The Mountain Goats,1
Blood Meridian: Or the Evening Redness in the West,Cormac McCarthy,Eat a Peach,The Allman Brothers Band,1
Blood Meridian: Or the Evening Redness in the West,Cormac McCarthy,Disintegration,The Cure,1
Blood Meridian: Or the Evening Redness in the West,Cormac McCarthy,Unknown Pleasures,Joy Division,1
Blood Meridian: Or the Evening Redness in the West,Cormac McCarthy,Kind of Blue,Miles Davis,1
Blood Meridian: Or the Evening Redness in the West,Cormac McCarthy,Speaking in Tongues,Talking Heads,1
Blood Meridian: Or the Evening Redness in the West,Cormac McCarthy,Brother's Blood,Kevin Devine,1
Blood Meridian: Or the Evening Redness in the West,Cormac McCarthy,The Devil and God Are Raging Inside Me,Brand New,1
Blood Meridian: Or the Evening Redness in the West,Cormac McCarthy,The Queen Is Dead,The Smiths,1
Blood Meridian: Or the Evening Redness in the West,Cormac McCarthy,In Rainbows,Radiohead,1
The Crying of Lot 49,Thomas Pynchon,What's Going On,Marvin Gaye,1
The Crying of Lot 49,Thomas Pynchon,Black on Both Sides,Mos Def,1
The Crying of Lot 49,Thomas Pynchon,The Dark Side of the Moon,Pink Floyd,1
The Crying of Lot 49,Thomas Pynchon,Brasilian Skies,Masayoshi Takanaka,1
The Crying of Lot 49,Thomas Pynchon,channel ORANGE,Frank Ocean,1
The Crying of Lot 49,Thomas Pynchon,It Was Written,Nas,1
The Crying of Lot 49,Thomas Pynchon,Songs in the Key of Life,Stevie Wonder,1
The Crying of Lot 49,Thomas Pynchon,My Beautiful Dark Twisted Fantasy,Kanye West,1
The Crying of Lot 49,Thomas Pynchon,Madvillainy,Madvillain,1
Anathem,Neal Stephenson,Bo Jackson,Boldy James & The Alchemist,1
Anathem,Neal Stephenson,"we had good times together, don't forget that",Severslyt,1
Anathem,Neal Stephenson,Stranger in the Alps,Phoebe Bridgers,1
Anathem,Neal Stephenson,Hitler Wears Hermes 8: Side B,Westside Gunn,1
Anathem,Neal Stephenson,Preacher's Daughter,Ethel Cain,1
Anathem,Neal Stephenson,Frailty,Jane Remover,1
Anathem,Neal Stephenson,Imaginary Day,Pat Metheny Group,1
Anathem,Neal Stephenson,FLYGOD,Westside Gunn,1
Anathem,Neal Stephenson,a slice of life,deathbrain,1
The Phenomenon of Man,Pierre Teilhard de Chardin,What's Going On,Marvin Gaye,1
The Phenomenon of Man,Pierre Teilhard de Chardin,Black on Both Sides,Mos Def,1
The Phenomenon of Man,Pierre Teilhard de Chardin,The Dark Side of the Moon,Pink Floyd,1
The Phenomenon of Man,Pierre Teilhard de Chardin,Brasilian Skies,Masayoshi Takanaka,1
The Phenomenon of Man,Pierre Teilhard de Chardin,channel ORANGE,Frank Ocean,1
The Phenomenon of Man,Pierre Teilhard de Chardin,It Was Written,Nas,1
The Phenomenon of Man,Pierre Teilhard de Chardin,Songs in the Key of Life,Stevie Wonder,1
The Phenomenon of Man,Pierre Teilhard de Chardin,My Beautiful Dark Twisted Fantasy,Kanye West,1
The Phenomenon of Man,Pierre Teilhard de Chardin,Madvillainy,Madvillain,1
Barbarian Days: A Surfing Life,William Finnegan,Shrines,Purity Ring,1
Barbarian Days: A Surfing Life,William Finnegan,Changes,Charles Bradley,1
Barbarian Days: A Surfing Life,William Finnegan,II,Desire,1
Barbarian Days: A Surfing Life,William Finnegan,I Am Your God,MOTHERMARY,1
Barbarian Days: A Surfing Life,William Finnegan,Live From Crush Palace,Karen O,1
Barbarian Days: A Surfing Life,William Finnegan,Alive 1997,Daft Punk,1
Barbarian Days: A Surfing Life,William Finnegan,A Different Arrangement,Black Marble,1
Barbarian Days: A Surfing Life,William Finnegan,Sleep,Max Richter,1
Barbarian Days: A Surfing Life,William Finnegan,Justice,Justice,1
Dune,Frank Herbert,Shrines,Purity Ring,1
Dune,Frank Herbert,Changes,Charles Bradley,1
Dune,Frank Herbert,II,Desire,1
Dune,Frank Herbert,I Am Your God,MOTHERMARY,1
Dune,Frank Herbert,Live From Crush Palace,Karen O,1
Dune,Frank Herbert,Alive 1997,Daft Punk,1
Dune,Frank Herbert,A Different Arrangement,Black Marble,1
Dune,Frank Herbert,Sleep,Max Richter,1
Dune,Frank Herbert,Justice,Justice,1
A View from the Bridge,Arthur Miller,Shrines,Purity Ring,1
A View from the Bridge,Arthur Miller,Changes,Charles Bradley,1
A View from the Bridge,Arthur Miller,II,Desire,1
A View from the Bridge,Arthur Miller,I Am Your God,MOTHERMARY,1
A View from the Bridge,Arthur Miller,Live From Crush Palace,Karen O,1
A View from the Bridge,Arthur Miller,Alive 1997,Daft Punk,1
A View from the Bridge,Arthur Miller,A Different Arrangement,Black Marble,1
A View from the Bridge,Arthur Miller,Sleep,Max Richter,1
A View from the Bridge,Arthur Miller,Justice,Justice,1
The Fellowship of the Ring,J.R.R. Tolkien,Bo Jackson,Boldy James & The Alchemist,1
The Fellowship of the Ring,J.R.R. Tolkien,"we had good times together, don't forget that",Severslyt,1
The Fellowship of the Ring,J.R.R. Tolkien,Stranger in the Alps,Phoebe Bridgers,1
The Fellowship of the Ring,J.R.R. Tolkien,Hitler Wears Hermes 8: Side B,Westside Gunn,1
The Fellowship of the Ring,J.R.R. Tolkien,Preacher's Daughter,Ethel Cain,1
The Fellowship of the Ring,J.R.R. Tolkien,Frailty,Jane Remover,1
The Fellowship of the Ring,J.R.R. Tolkien,Imaginary Day,Pat Metheny Group,1
The Fellowship of the Ring,J.R.R. Tolkien,FLYGOD,Westside Gunn,1
The Fellowship of the Ring,J.R.R. Tolkien,a slice of life,deathbrain,1
A Farewell to Arms,Ernest Hemingway,Eat a Peach,The Allman Brothers Band,1
A Farewell to Arms,Ernest Hemingway,Disintegration,The Cure,1
A Farewell to Arms,Ernest Hemingway,Unknown Pleasures,Joy Division,1
A Farewell to Arms,Ernest Hemingway,Kind of Blue,Miles Davis,1
A Farewell to Arms,Ernest Hemingway,Speaking in Tongues,Talking Heads,1
A Farewell to Arms,Ernest Hemingway,Brother's Blood,Kevin Devine,1
A Farewell to Arms,Ernest Hemingway,The Devil and God Are Raging Inside Me,Brand New,1
A Farewell to Arms,Ernest Hemingway,The Queen Is Dead,The Smiths,1
A Farewell to Arms,Ernest Hemingway,In Rainbows,Radiohead,1
Fragments of an Anarchist Anthropology,David Graeber,What's Going On,Marvin Gaye,1
Fragments of an Anarchist Anthropology,David Graeber,Black on Both Sides,Mos Def,1
Fragments of an Anarchist Anthropology,David Graeber,The Dark Side of the Moon,Pink Floyd,1
Fragments of an Anarchist Anthropology,David Graeber,Brasilian Skies,Masayoshi Takanaka,1
Fragments of an Anarchist Anthropology,David Graeber,channel ORANGE,Frank Ocean,1
Fragments of an Anarchist Anthropology,David Graeber,It Was Written,Nas,1
Fragments of an Anarchist Anthropology,David Graeber,Songs in the Key of Life,Stevie Wonder,1
Fragments of an Anarchist Anthropology,David Graeber,My Beautiful Dark Twisted Fantasy,Kanye West,1
Fragments of an Anarchist Anthropology,David Graeber,Madvillainy,Madvillain,1
Sol Lewitt: 100 Views,Susan M Cross,Shrines,Purity Ring,1
Sol Lewitt: 100 Views,Susan M Cross,Changes,Charles Bradley,1
Sol Lewitt: 100 Views,Susan M Cross,II,Desire,1
Sol Lewitt: 100 Views,Susan M Cross,I Am Your God,MOTHERMARY,1
Sol Lewitt: 100 Views,Susan M Cross,Live From Crush Palace,Karen O,1
Sol Lewitt: 100 Views,Susan M Cross,Alive 1997,Daft Punk,1
Sol Lewitt: 100 Views,Susan M Cross,A Different Arrangement,Black Marble,1
Sol Lewitt: 100 Views,Susan M Cross,Sleep,Max Richter,1
Sol Lewitt: 100 Views,Susan M Cross,Justice,Justice,1
My Brilliant Friend: The Four Volumes,Elena Ferrante,Kinky,Kinky,1
My Brilliant Friend: The Four Volumes,Elena Ferrante,No Dogs Allowed,Sidney Gish,1
My Brilliant Friend: The Four Volumes,Elena Ferrante,Clube da Esquina,Milton Nascimento & Lô Borges,1
My Brilliant Friend: The Four Volumes,Elena Ferrante,Pop 2,Charli XCX,1
My Brilliant Friend: The Four Volumes,Elena Ferrante,Songs in the Key of Life,Stevie Wonder,1
My Brilliant Friend: The Four Volumes,Elena Ferrante,Hejira,Joni Mitchell,1
My Brilliant Friend: The Four Volumes,Elena Ferrante,Yeezus,Kanye West,1
My Brilliant Friend: The Four Volumes,Elena Ferrante,Strange Mercy,St. Vincent,1
My Brilliant Friend: The Four Volumes,Elena Ferrante,We Shall All Be Healed,The Mountain Goats,1
Too Like the Lightning: Book One of Terra Ignota,Ada Palmer,Kinky,Kinky,1
Too Like the Lightning: Book One of Terra Ignota,Ada Palmer,No Dogs Allowed,Sidney Gish,1
Too Like the Lightning: Book One of Terra Ignota,Ada Palmer,Clube da Esquina,Milton Nascimento & Lô Borges,1
Too Like the Lightning: Book One of Terra Ignota,Ada Palmer,Pop 2,Charli XCX,1
Too Like the Lightning: Book One of Terra Ignota,Ada Palmer,Songs in the Key of Life,Stevie Wonder,1
Too Like the Lightning: Book One of Terra Ignota,Ada Palmer,Hejira,Joni Mitchell,1
Too Like the Lightning: Book One of Terra Ignota,Ada Palmer,Yeezus,Kanye West,1
Too Like the Lightning: Book One of Terra Ignota,Ada Palmer,Strange Mercy,St. Vincent,1
Too Like the Lightning: Book One of Terra Ignota,Ada Palmer,We Shall All Be Healed,The Mountain Goats,1
The Boys in the Boat: Nine Americans and Their Epic Quest for Gold at the 1936 Berlin Olympics,Daniel James Brown,Shrines,Purity Ring,1
The Boys in the Boat: Nine Americans and Their Epic Quest for Gold at the 1936 Berlin Olympics,Daniel James Brown,Changes,Charles Bradley,1
The Boys in the Boat: Nine Americans and Their Epic Quest for Gold at the 1936 Berlin Olympics,Daniel James Brown,II,Desire,1
The Boys in the Boat: Nine Americans and Their Epic Quest for Gold at the 1936 Berlin Olympics,Daniel James Brown,I Am Your God,MOTHERMARY,1
The Boys in the Boat: Nine Americans and Their Epic Quest for Gold at the 1936 Berlin Olympics,Daniel James Brown,Live From Crush Palace,Karen O,1
The Boys in the Boat: Nine Americans and Their Epic Quest for Gold at the 1936 Berlin Olympics,Daniel James Brown,Alive 1997,Daft Punk,1
The Boys in the Boat: Nine Americans and Their Epic Quest for Gold at the 1936 Berlin Olympics,Daniel James Brown,A Different Arrangement,Black Marble,1
The Boys in the Boat: Nine Americans and Their Epic Quest for Gold at the 1936 Berlin Olympics,Daniel James Brown,Sleep,Max Richter,1
The Boys in the Boat: Nine Americans and Their Epic Quest for Gold at the 1936 Berlin Olympics,Daniel James Brown,Justice,Justice,1
Flatline Constructs: Gothic Materialism and Cybernetic Theory Fiction,Mark Fisher,Bo Jackson,Boldy James & The Alchemist,1
Flatline Constructs: Gothic Materialism and Cybernetic Theory Fiction,Mark Fisher,"we had good times together, don't forget that",Severslyt,1
Flatline Constructs: Gothic Materialism and Cybernetic Theory Fiction,Mark Fisher,Stranger in the Alps,Phoebe Bridgers,1
Flatline Constructs: Gothic Materialism and Cybernetic Theory Fiction,Mark Fisher,Hitler Wears Hermes 8: Side B,Westside Gunn,1
Flatline Constructs: Gothic Materialism and Cybernetic Theory Fiction,Mark Fisher,Preacher's Daughter,Ethel Cain,1
Flatline Constructs: Gothic Materialism and Cybernetic Theory Fiction,Mark Fisher,Frailty,Jane Remover,1
Flatline Constructs: Gothic Materialism and Cybernetic Theory Fiction,Mark Fisher,Imaginary Day,Pat Metheny Group,1
Flatline Constructs: Gothic Materialism and Cybernetic Theory Fiction,Mark Fisher,FLYGOD,Westside Gunn,1
Flatline Constructs: Gothic Materialism and Cybernetic Theory Fiction,Mark Fisher,a slice of life,deathbrain,1
Macbeth,William Shakespeare,Shrines,Purity Ring,1
Macbeth,William Shakespeare,Changes,Charles Bradley,1
Macbeth,William Shakespeare,II,Desire,1
Macbeth,William Shakespeare,I Am Your God,MOTHERMARY,1
Macbeth,William Shakespeare,Live From Crush Palace,Karen O,1
Macbeth,William Shakespeare,Alive 1997,Daft Punk,1
Macbeth,William Shakespeare,A Different Arrangement,Black Marble,1
Macbeth,William Shakespeare,Sleep,Max Richter,1
Macbeth,William Shakespeare,Justice,Justice,1
God Emperor of Dune,Frank Herbert,Shrines,Purity Ring,1
God Emperor of Dune,Frank Herbert,Changes,Charles Bradley,1
God Emperor of Dune,Frank Herbert,II,Desire,1
God Emperor of Dune,Frank Herbert,I Am Your God,MOTHERMARY,1
God Emperor of Dune,Frank Herbert,Live From Crush Palace,Karen O,1
God Emperor of Dune,Frank Herbert,Alive 1997,Daft Punk,1
God Emperor of Dune,Frank Herbert,A Different Arrangement,Black Marble,1
God Emperor of Dune,Frank Herbert,Sleep,Max Richter,1
God Emperor of Dune,Frank Herbert,Justice,Justice,1
Snow Crash: A Novel,Neal Stephenson,Shrines,Purity Ring,1
Snow Crash: A Novel,Neal Stephenson,Changes,Charles Bradley,1
Snow Crash: A Novel,Neal Stephenson,II,Desire,1
Snow Crash: A Novel,Neal Stephenson,I Am Your God,MOTHERMARY,1
Snow Crash: A Novel,Neal Stephenson,Live From Crush Palace,Karen O,1
Snow Crash: A Novel,Neal Stephenson,Alive 1997,Daft Punk,1
Snow Crash: A Novel,Neal Stephenson,A Different Arrangement,Black Marble,1
Snow Crash: A Novel,Neal Stephenson,Sleep,Max Richter,1
Snow Crash: A Novel,Neal Stephenson,Justice,Justice,1
The Two Towers,J.R.R. Tolkien,Bo Jackson,Boldy James & The Alchemist,1
The Two Towers,J.R.R. Tolkien,"we had good times together, don't forget that",Severslyt,1
The Two Towers,J.R.R. Tolkien,Stranger in the Alps,Phoebe Bridgers,1
The Two Towers,J.R.R. Tolkien,Hitler Wears Hermes 8: Side B,Westside Gunn,1
The Two Towers,J.R.R. Tolkien,Preacher's Daughter,Ethel Cain,1
The Two Towers,J.R.R. Tolkien,Frailty,Jane Remover,1
The Two Towers,J.R.R. Tolkien,Imaginary Day,Pat Metheny Group,1
The Two Towers,J.R.R. Tolkien,FLYGOD,Westside Gunn,1
The Two Towers,J.R.R. Tolkien,a slice of life,deathbrain,1
2666,Roberto Bolaño,Bo Jackson,Boldy James & The Alchemist,1
2666,Roberto Bolaño,"we had good times together, don't forget that",Severslyt,1
2666,Roberto Bolaño,Stranger in the Alps,Phoebe Bridgers,1
2666,Roberto Bolaño,Hitler Wears Hermes 8: Side B,Westside Gunn,1
2666,Roberto Bolaño,Preacher's Daughter,Ethel Cain,1
2666,Roberto Bolaño,Frailty,Jane Remover,1
2666,Roberto Bolaño,Imaginary Day,Pat Metheny Group,1
2666,Roberto Bolaño,FLYGOD,Westside Gunn,1
2666,Roberto Bolaño,a slice of life,deathbrain,1
Paradise Lost,John Milton,What's Going On,Marvin Gaye,1
Paradise Lost,John Milton,Black on Both Sides,Mos Def,1
Paradise Lost,John Milton,The Dark Side of the Moon,Pink Floyd,1
Paradise Lost,John Milton,Brasilian Skies,Masayoshi Takanaka,1
Paradise Lost,John Milton,channel ORANGE,Frank Ocean,1
Paradise Lost,John Milton,It Was Written,Nas,1
Paradise Lost,John Milton,Songs in the Key of Life,Stevie Wonder,1
Paradise Lost,John Milton,My Beautiful Dark Twisted Fantasy,Kanye West,1
Paradise Lost,John Milton,Madvillainy,Madvillain,1
Trouble on Triton,Samuel R. Delany,Kinky,Kinky,1
Trouble on Triton,Samuel R. Delany,No Dogs Allowed,Sidney Gish,1
Trouble on Triton,Samuel R. Delany,Clube da Esquina,Milton Nascimento & Lô Borges,1
Trouble on Triton,Samuel R. Delany,Pop 2,Charli XCX,1
Trouble on Triton,Samuel R. Delany,Songs in the Key of Life,Stevie Wonder,1
Trouble on Triton,Samuel R. Delany,Hejira,Joni Mitchell,1
Trouble on Triton,Samuel R. Delany,Yeezus,Kanye West,1
Trouble on Triton,Samuel R. Delany,Strange Mercy,St. Vincent,1
Trouble on Triton,Samuel R. Delany,We Shall All Be Healed,The Mountain Goats,1
To Rule All Under Heaven: A History of Classical China From Confucius to the First Emperor,Andrew Seth Meyer,Bo Jackson,Boldy James & The Alchemist,1
To Rule All Under Heaven: A History of Classical China From Confucius to the First Emperor,Andrew Seth Meyer,"we had good times together, don't forget that",Severslyt,1
To Rule All Under Heaven: A History of Classical China From Confucius to the First Emperor,Andrew Seth Meyer,Stranger in the Alps,Phoebe Bridgers,1
To Rule All Under Heaven: A History of Classical China From Confucius to the First Emperor,Andrew Seth Meyer,Hitler Wears Hermes 8: Side B,Westside Gunn,1
To Rule All Under Heaven: A History of Classical China From Confucius to the First Emperor,Andrew Seth Meyer,Preacher's Daughter,Ethel Cain,1
To Rule All Under Heaven: A History of Classical China From Confucius to the First Emperor,Andrew Seth Meyer,Frailty,Jane Remover,1
To Rule All Under Heaven: A History of Classical China From Confucius to the First Emperor,Andrew Seth Meyer,Imaginary Day,Pat Metheny Group,1
To Rule All Under Heaven: A History of Classical China From Confucius to the First Emperor,Andrew Seth Meyer,FLYGOD,Westside Gunn,1
To Rule All Under Heaven: A History of Classical China From Confucius to the First Emperor,Andrew Seth Meyer,a slice of life,deathbrain,1
Exhalation: Stories,Ted Chiang,Shrines,Purity Ring,1
Exhalation: Stories,Ted Chiang,Changes,Charles Bradley,1
Exhalation: Stories,Ted Chiang,II,Desire,1
Exhalation: Stories,Ted Chiang,I Am Your God,MOTHERMARY,1
Exhalation: Stories,Ted Chiang,Live From Crush Palace,Karen O,1
Exhalation: Stories,Ted Chiang,Alive 1997,Daft Punk,1
Exhalation: Stories,Ted Chiang,A Different Arrangement,Black Marble,1
Exhalation: Stories,Ted Chiang,Sleep,Max Richter,1
Exhalation: Stories,Ted Chiang,Justice,Justice,1
The Fire Next Time,James Baldwin,What's Going On,Marvin Gaye,1
The Fire Next Time,James Baldwin,Black on Both Sides,Mos Def,1
The Fire Next Time,James Baldwin,The Dark Side of the Moon,Pink Floyd,1
The Fire Next Time,James Baldwin,Brasilian Skies,Masayoshi Takanaka,1
The Fire Next Time,James Baldwin,channel ORANGE,Frank Ocean,1
The Fire Next Time,James Baldwin,It Was Written,Nas,1
The Fire Next Time,James Baldwin,Songs in the Key of Life,Stevie Wonder,1
The Fire Next Time,James Baldwin,My Beautiful Dark Twisted Fantasy,Kanye West,1
The Fire Next Time,James Baldwin,Madvillainy,Madvillain,1
Crime and Punishment,Fyodor Dostoevsky,Eat a Peach,The Allman Brothers Band,1
Crime and Punishment,Fyodor Dostoevsky,Bo Jackson,Boldy James & The Alchemist,1
Crime and Punishment,Fyodor Dostoevsky,Disintegration,The Cure,1
Crime and Punishment,Fyodor Dostoevsky,"we had good times together, don't forget that",Severslyt,1
Crime and Punishment,Fyodor Dostoevsky,Unknown Pleasures,Joy Division,1
Crime and Punishment,Fyodor Dostoevsky,Kind of Blue,Miles Davis,1
Crime and Punishment,Fyodor Dostoevsky,Stranger in the Alps,Phoebe Bridgers,1
Crime and Punishment,Fyodor Dostoevsky,Speaking in Tongues,Talking Heads,1
Crime and Punishment,Fyodor Dostoevsky,Brother's Blood,Kevin Devine,1
Crime and Punishment,Fyodor Dostoevsky,Hitler Wears Hermes 8: Side B,Westside Gunn,1
Crime and Punishment,Fyodor Dostoevsky,Preacher's Daughter,Ethel Cain,1
Crime and Punishment,Fyodor Dostoevsky,The Devil and God Are Raging Inside Me,Brand New,1
Crime and Punishment,Fyodor Dostoevsky,The Queen Is Dead,The Smiths,1
Crime and Punishment,Fyodor Dostoevsky,Frailty,Jane Remover,1
Crime and Punishment,Fyodor Dostoevsky,Imaginary Day,Pat Metheny Group,1
Crime and Punishment,Fyodor Dostoevsky,FLYGOD,Westside Gunn,1
Crime and Punishment,Fyodor Dostoevsky,a slice of life,deathbrain,1
Crime and Punishment,Fyodor Dostoevsky,In Rainbows,Radiohead,1
