item_a,item_b,shared_lists
0ac58721477bd580050b99d6,13bce5f07c63e75d01debfff,1
0ac58721477bd580050b99d6,15d9496728598a0e93f8f73b,1
0ac58721477bd580050b99d6,2fa20d751fb94dc55a62b41f,1
0ac58721477bd580050b99d6,39fc43841a5ad52267c3fd87,1
0ac58721477bd580050b99d6,84537b9de367b939f5e04a8d,1
0ac58721477bd580050b99d6,9ed00c038d1f091711dc55fa,1
0ac58721477bd580050b99d6,eba03654fd9413c5655cbfbd,1
0ac58721477bd580050b99d6,f81320a66f37e73ff279c938,1
13bce5f07c63e75d01debfff,15d9496728598a0e93f8f73b,1
13bce5f07c63e75d01debfff,2fa20d751fb94dc55a62b41f,1
13bce5f07c63e75d01debfff,39fc43841a5ad52267c3fd87,1
13bce5f07c63e75d01debfff,84537b9de367b939f5e04a8d,1
13bce5f07c63e75d01debfff,9ed00c038d1f091711dc55fa,1
13bce5f07c63e75d01debfff,eba03654fd9413c5655cbfbd,1
13bce5f07c63e75d01debfff,f81320a66f37e73ff279c938,1
15d9496728598a0e93f8f73b,2fa20d751fb94dc55a62b41f,1
15d9496728598a0e93f8f73b,39fc43841a5ad52267c3fd87,1
15d9496728598a0e93f8f73b,84537b9de367b939f5e04a8d,1
15d9496728598a0e93f8f73b,9ed00c038d1f091711dc55fa,1
15d9496728598a0e93f8f73b,eba03654fd9413c5655cbfbd,1
15d9496728598a0e93f8f73b,f81320a66f37e73ff279c938,1
2fa20d751fb94dc55a62b41f,39fc43841a5ad52267c3fd87,1
2fa20d751fb94dc55a62b41f,84537b9de367b939f5e04a8d,1
2fa20d751fb94dc55a62b41f,9ed00c038d1f091711dc55fa,1
2fa20d751fb94dc55a62b41f,eba03654fd9413c5655cbfbd,1
2fa20d751fb94dc55a62b41f,f81320a66f37e73ff279c938,1
39fc43841a5ad52267c3fd87,84537b9de367b939f5e04a8d,1
39fc43841a5ad52267c3fd87,9ed00c038d1f091711dc55fa,1
39fc43841a5ad52267c3fd87,eba03654fd9413c5655cbfbd,1
39fc43841a5ad52267c3fd87,f81320a66f37e73ff279c938,1
84537b9de367b939f5e04a8d,9ed00c038d1f091711dc55fa,1
84537b9de367b939f5e04a8d,eba03654fd9413c5655cbfbd,1
84537b9de367b939f5e04a8d,f81320a66f37e73ff279c938,1
9ed00c038d1f091711dc55fa,eba03654fd9413c5655cbfbd,1
9ed00c038d1f091711dc55fa,f81320a66f37e73ff279c938,1
eba03654fd9413c5655cbfbd,f81320a66f37e73ff279c938,1
