id,kind,title,creator
01110fd2a1b529268ced9304,album,Shrines,Purity Ring
01fe6a5fc12d6d016a843110,book,The Employees: A Workplace Novel of the 22nd Century,Olga Ravn
03b2832c2a7e7468a2113e13,book,You Can't Go Home Again,Thomas Wolfe
053a8db16ad15c7fb0c9ed8f,album,Sometimes I Wish We Were an Eagle,Bill Callahan
058f863a864a1942cbe59a14,book,The Leopard: A Novel,Giuseppe di Lampedusa
0619719f9ab4b6456593560a,album,Eat a Peach,The Allman Brothers Band
092ee0a42ab842afc30ceaf5,album,Changes,Charles Bradley
0ac58721477bd580050b99d6,book,Portnoy's Complaint,Philip Roth
0e8e8ff43834f4419d22cb4a,book,The Return of the King,J.R.R. Tolkien
0eb16ed1f9030720fb602397,book,A Heart so White,Javier Marías
0eb6b9e61939a744e7a75ccb,book,The Chronicles and Essays of A.E. Housman,A.E. Housman
0f04059bfd38ab571e1352a2,book,John Brown: A Biography,W.E.B. Du Bois
0f1b698bdd7f88c7fac6f0e2,album,"thank u, next",Ariana Grande
110776abf1656159d7d479b4,book,Bel Canto,Ann Patchett
12c9ab2e088f81c8066643dc,book,Mating: A Novel,Norman Rush
12f083464eec296a873032ad,album,COWBOY CARTER,Beyoncé
13bce5f07c63e75d01debfff,book,Preface to Plato,Eric A. Havelock
1434f0eaeafc4305019f9a93,book,Gone with the Wind,Margaret Mitchell
15cf9a8885ae4e729c780ace,book,Star Maker,Olaf Stapledon
15d9496728598a0e93f8f73b,book,No Sense of Place,Joshua Meyrowitz
164375d1bc8023f65c21e306,book,The Case for Mars: The Plan to Settle the Red Planet and Why We Must,Robert Zubrin
17f96048ff28777074110ab2,album,Best of the Vanguard Years,John Fahey
19a4680ea305538dbd0849d2,book,Alice in Wonderland: The Original 1865 Unabridged and Complete Edition,Lewis Carroll
1ca353fc8422815cf446fbd2,book,"Swann's Way: In Search of Lost Time, Vol. 1",Marcel Proust
1dddf6aa9bae89ff94fd7a5a,book,"The Middle Ground: Indians, Empires, and Republics in the Great Lakes Region, 1650–1815",Richard White
1e91eb87f209873dccfb4a00,book,Dhalgren,Samuel R. Delany
2404294565a601a0f976da10,book,The Dispossessed,Ursula K. Le Guin
265fa885c43e272dabd76a47,book,Les Misérables,Victor Hugo
2684d64e7ac9de85a3e28d1a,book,"Reconstruction Updated Edition: America's Unfinished Revolution, 1863–1877",Eric Foner
2a31c52679466a1453cb117b,book,Atlas Shrugged,Ayn Rand
2cbe05f62b2448220c1bfbb6,album,II,Desire
2d6411b9fcec4736151ab23e,book,In a Sunburned Country,Bill Bryson
2e9ac5d36fa3edeb0bdcf7d6,album,What's Going On,Marvin Gaye
2ef8e67f2ce73f995c0ab300,book,"Autumn in the Heavenly Kingdom: China, the West, and the Epic Story of the Taiping Civil War",Stephen R. Platt
2fa20d751fb94dc55a62b41f,book,Fighting for Life,Walter J. Ong
2fcc9926b1baed651a9065ff,book,Collected Poems,Philip Larkin
33a744acd36016ca468aac6b,book,Reminiscences of a Stock Operator,Edwin Lefèvre
33f1d486567a7e8bdea50d1d,book,A Walk in the Woods: Rediscovering America on the Appalachian Trail,Bill Bryson
347316114d067833dfa677d2,album,Melodrama,Lorde
359b3a7d99724c46065cb967,book,The Complete Stories,Flannery O'Connor
36d8a1d443cba211402dd140,book,Harry Potter and the Sorcerer's Stone,J.K. Rowling
37bc3bfeec03ef9e23f9b3ce,book,Leaving the Atocha Station,Ben Lerner
38d9544c22f62abd4d31927a,album,I Am Your God,MOTHERMARY
39fc43841a5ad52267c3fd87,book,"Moby-Dick; or, The Whale",Herman Melville
3a9d437632772b0e42f29fa4,album,Live From Crush Palace,Karen O
3b28f9aba8c0d4e964f86c3f,book,The Places in Between,Rory Stewart
3d2a7b56b913da59cd237e92,album,Bo Jackson,Boldy James & The Alchemist
3ded1c05e85a9ae5f947e351,book,Americana: A 400-Year History of American Capitalism,Bhu Srinivasan
3f18d649175260b7d7a7d2ed,book,The Hard Thing About Hard Things: Building a Business When There Are No Easy Answers,Ben Horowitz
420275264474fef5e6b5b2e2,book,The Odyssey,Homer
428c0f5be004a66b48e32cda,album,Kinky,Kinky
4679baba64eae995bbf4ac45,book,The Brothers Karamazov,Fyodor Dostoevsky
470c45709e745f6246da816c,album,I'm Your Man,Leonard Cohen
472d2747d2637b00c3a9c0b6,album,Animal,Ke$ha
485251ad9bb546a3de65f44c,album,No Dogs Allowed,Sidney Gish
489a9ce9fc4fd9cc48a81511,book,The Enigma of Arrival,V.S. Naipaul
48e1506862f391446f6cdc33,book,On Writing: A Memoir of the Craft,Stephen King
4acd9f52571325591cd82692,book,Jesus Wept: Seven Popes and the Battle for the Soul of the Catholic Church,Philip Shenon
4b4d56f3e4c1bd63d7edde7e,book,Tickled to Death,Simon Brett
4d564dae57a26157c168b69a,book,Richard Hofstadter: Anti-Intellectualism in American Life: The Paranoid Style in American Politics: Uncollected Essays 1936-1965,Richard Hofstadter
4daee4e4930e8a0af251a9a3,album,Alive 1997,Daft Punk
4e6e0376e43ef3b9034efe80,book,Silencing the Past: Power and the Production of History,Michel-Rolph Trouillot
4f1e3efef847751762906fb2,book,The Possessed: Adventures with Russian Books and the People Who Read Them,Elif Batuman
4f388b7aa3e736879f8e56bd,album,Disintegration,The Cure
50d89f91565424355a68294e,album,Lucinda Williams,Lucinda Williams
5146abc1547332eaf1430c60,book,The Disreputable History of Frankie Landau-Banks,E. Lockhart
51ac91e91364398e5e9323f6,book,If on a Winter's Night a Traveller,Italo Calvino
539eb4c778977c81cdd85654,album,"we had good times together, don't forget that",Severslyt
5607c4fd5e73252a308987ce,book,Strangers: A Memoir of Marriage,Belle Burden
570cf24c6fd05b5ca52bde72,album,69 Love Songs,The Magnetic Fields
577205f09a7efa09b1e5a6aa,album,Unknown Pleasures,Joy Division
57b27fbf11cb2efa8326791e,book,Red Mars,Kim Stanley Robinson
57b503cd497d6b862a52b622,book,The Black Jacobins: Toussaint L'Ouverture and the San Domingo Revolution,C. L. R. James
595f31cc2473bff2fab6d4f8,album,Kind of Blue,Miles Davis
5a082c0bf33574d03308d12b,album,Stranger in the Alps,Phoebe Bridgers
5a18493b1e3f08e1af6bc7a7,album,A Different Arrangement,Black Marble
5af1f0ac901da929c7199c8d,book,Weirdos from Another Planet!,Bill Watterson
5be316a05e7f11278254d52b,book,Vildanden,Henrik Ibsen
5da0bfa5a3c70da8b19c5a60,book,Amusing Ourselves to Death: Public Discourse in the Age of Show Business,Neil Postman
5e739d3a4303cf30887fe5d1,album,Clube da Esquina,Milton Nascimento & Lô Borges
61258146fdaa537cd7191150,book,Recursion,Tony Ballantyne
619f5b6eaacd08b1eeea872e,album,The Rise and Fall of a Midwest Princess,Chappell Roan
61e760ad8bb78008eed971a1,book,The Source,James A. Michener
62b211cf1dcba73d9c656d40,book,"Castles of Steel: Britain, Germany, and the Winning of the Great War at Sea",Robert K. Massie
6395b2c3357875b10530ab97,book,Heart of Darkness,Joseph Conrad
63f882e43f5dfb510f7f55a0,book,Bigger Than a Breadbox,Steve Allen
64695b1ca1a492c1c290b07c,album,Black on Both Sides,Mos Def
6490c061ca86d31ef198ffa8,album,The Dark Side of the Moon,Pink Floyd
6507b41843e0819a57d63c22,album,Brasilian Skies,Masayoshi Takanaka
6627668a6a3e2812fd6b0c80,album,Speaking in Tongues,Talking Heads
6652e3455f67d542a4c5c37a,book,The Radetzky March,Joseph Roth
66c6e2d2a70288bdf8a5d34b,book,Master of the Senate: The Years of Lyndon Johnson,Robert A. Caro
670b44783aa91ca35007575b,book,About Face: The Odyssey of an American Warrior,David H. Hackworth
6834446f0e3dee293d11c38c,book,A Hero of Our Time,Mikhail Lermontov
68ad74fa69b3aac3b80fc415,book,Engines That Move Markets: Technology Investing from Railroads to the Internet and Beyond,Alasdair Nairn
690c0d87ebcc93bd83c784c8,book,East of Eden,John Steinbeck
691aa0b4aa50f3d5c5461284,book,The Mediterranean and the Mediterranean World in the Age of Philip II,Fernand Braudel
69f7f9dbdc7b61b05427ef5e,album,Tribute,"Keith Jarrett, Gary Peacock, Jack DeJohnette"
6ab41c866d5b97074cc6b766,book,Right-Wing Women,Andrea Dworkin
6b7c0070e365156ad039cbb5,book,In Storms of Steel,Ernst Jünger
6d3ee81f80d733808e20783e,album,Pop 2,Charli XCX
6ddf70408d2acfbfa7632457,album,Brother's Blood,Kevin Devine
6eb8c25cb400ffdfe0db008f,book,Class: A Guide Through the American Status System,Paul Russell
6f94ba6ea91e236e3ceafde9,book,A History of Western Philosophy,Bertrand Russell
6fa630ae66ae4d8c4e2eeea4,album,Enter the Wu-Tang (36 Chambers),Wu-Tang Clan
70ef8d360daafb33e92208bc,book,The Devil in Winter,Lisa Kleypas
70fc6e29571a0161437a5468,album,Hitler Wears Hermes 8: Side B,Westside Gunn
71d5eb3011c2176712896380,book,Catch-22,Joseph Heller
71fd0ae6a5290fb25a81fc7a,album,Sleep,Max Richter
724d8b9147d8569c58aef4a4,album,Preacher's Daughter,Ethel Cain
72bd4f7c36679be137255e9c,album,Purple Mountains,Purple Mountains
751a3b0396085f33484f05a4,book,A Perfect Spy: A Novel,John le Carré
770afcd127ebd6ab97ff4909,book,Angle of Repose,Wallace Stegner
773da0a45d33e024f7d59cb1,album,New Threats From the Soul,Ryan Davis & The Roadhouse Band
7743d773f9d13cfbc18b191e,book,"A Line in the Sand: Britain, France and the Struggle that Shaped the Middle East",James Barr
78066d3806ab3002c905dd09,book,The Protestant Work Ethic and the Spirit of Capitalism,Max Weber
784cfb4a5e8e2688e48c30f1,book,Invisible Man,Ralph Ellison
790d267f9fe3300148950e95,album,channel ORANGE,Frank Ocean
7a822caa044e5f00c7756582,book,Frankenstein,Mary Shelley
7d0467819fe23a6dd0c51ac1,album,It Was Written,Nas
7decdc1e65a2bbdb28e7679a,album,Songs in the Key of Life,Stevie Wonder
83f3f0504e987ea6bf73f84f,book,We Tell Ourselves Stories in Order to Live: Collected Nonfiction,Joan Didion
84537b9de367b939f5e04a8d,book,The Master and His Emissary,Iain McGilchrist
86762be6e8493db205f4ce5a,book,The Art of Not Being Governed: An Anarchist History of Upland Southeast Asia,James C. Scott
88a7642100c56eaa1b65c3d5,book,We the Living,Ayn Rand
8ae0cb9a73ed2141e74f0681,book,"The Infinity Machine: Demis Hassabis, DeepMind, and the Quest for Superintelligence",Sebastian Mallaby
8c9b4e69aa0b8a04bcb2a650,book,Blood Meridian: Or the Evening Redness in the West,Cormac McCarthy
8cfdd431c9151ad1c0d915dc,book,Piranesi,Susanna Clarke
8dc8bf8239f00df5d29c2540,album,The Devil and God Are Raging Inside Me,Brand New
8dfa85775f9ae25ece6a784d,album,Justice,Justice
8f55ffe5d849b19898caf4ca,album,Relationship of Command,At the Drive-In
8feb232fe68b4c90c77af08d,book,Living the Good Life: How to Live Sanely and Simply in a Troubled World,Helen and Scott Nearing
902f2a0c47b5880898a003ce,book,The Decline of American Power: The U.S. in a Chaotic World,Immanuel Wallerstein
90ac84295098239d808b35de,book,The Crying of Lot 49,Thomas Pynchon
91094370b6e747e2f3185f76,book,"The Black Wave: Saudi Arabia, Iran, and the Forty-Year Rivalry That Unraveled Culture, Religion, and Collective Memory in the Middle East",Kim Ghattas
91c369df9210551271b5fea9,album,In the Shadow of Clinch Mountain,The Carter Family
923524380aa77f23950a721b,album,Led Zeppelin IV,Led Zeppelin
9258fb905c91490a245c900c,album,The Queen Is Dead,The Smiths
93c2451bb9c351cd8c1d7b7f,book,Dominion: How the Christian Revolution Remade the World,Tom Holland
94913693d63da0d8849bdf13,album,Frailty,Jane Remover
94f3bf86c5cda89c65e00348,book,Nature's Metropolis: Chicago and the Great West,William Cronon
956877eb57bf8bcc7eaa3712,book,The Alignment Problem: Machine Learning and Human Values,Brian Christian
96576463a858b429395b041e,book,Anathem,Neal Stephenson
97bae7a26804cbf94517ef00,book,The Phenomenon of Man,Pierre Teilhard de Chardin
97ef28487019e64755dd57d7,book,Barbarian Days: A Surfing Life,William Finnegan
989fbe2e0730014f43988d35,album,Ænima,Tool
992a7462bc690df04e2e28d1,book,Dune,Frank Herbert
9b6bdb0b0d4481b9223da843,album,Is This It,The Strokes
9c1316e221f0c590bca1c50b,album,Adrenaline,Deftones
9c79226a288426d866c2bc81,album,Hejira,Joni Mitchell
9e4a674fbbc75f7dc202f604,book,Swann's Way,Marcel Proust
9ed00c038d1f091711dc55fa,book,Judaism: A Way of Being,David Gelernter
9f8b6f49ac6ea8319bfe4835,book,A View from the Bridge,Arthur Miller
a0a8fd60a78ec2a59c326f02,book,The Fellowship of the Ring,J.R.R. Tolkien
a0cbd74cd494aff9061c6294,book,The Depths of Time,Roger macbride Allen
a1be7cdd80dd53a69499c559,book,The Unincorporated Man,Dani Kollin
a27b816f2e6bbf3c76c7d4c4,album,Imaginary Day,Pat Metheny Group
a3a2c4faad1b0509907fa46c,book,Don't Blame Us: Suburban Liberals and the Transformation of the Democratic Party,Lily Geismer
a41995dd0e7bf86f5538d51c,book,The Plague,Albert Camus
a4dc212f642c1761890c1677,book,Bai Ganyo: Incredible Tales of a Modern Bulgarian,Aleko Konstantinov
a89f771f4ffe9d44effc6e56,album,FLYGOD,Westside Gunn
a915b422d911b20683b2c921,book,The Fountainhead,Ayn Rand
a94fc24a81b1be3f4c4fcf52,book,A Farewell to Arms,Ernest Hemingway
a9ef53ca5319f87b76f9a980,book,Danton's Death,Georg Büchner
ac7ac787c862a819b86a4ff1,book,Fragments of an Anarchist Anthropology,David Graeber
ad9ce54f3338734621ea82b5,book,Sol Lewitt: 100 Views,Susan M Cross
adb594e48056947c7a919c65,book,My Brilliant Friend: The Four Volumes,Elena Ferrante
b215623f67cb286ec4b0eecb,album,My Beautiful Dark Twisted Fantasy,Kanye West
b300febc55d2582f6c4908e7,book,Too Like the Lightning: Book One of Terra Ignota,Ada Palmer
b65318cf2e6f8dcf853804df,book,Doomed Queen Anne,Carolyn Meyer
b90b57ab90c4b4849ae8976a,book,The Boys in the Boat: Nine Americans and Their Epic Quest for Gold at the 1936 Berlin Olympics,Daniel James Brown
b9d00cd80fb743dd2da314f0,book,Flatline Constructs: Gothic Materialism and Cybernetic Theory Fiction,Mark Fisher
ba508204c1091fa8b7fd6c37,book,Macbeth,William Shakespeare
bb681afc467a11080e8d1f8a,book,The Rings of Saturn,W.G. Sebald
bb941009754205b1155c8d31,album,Madvillainy,Madvillain
bcca0ee4ee6f88d910c28479,album,Yeezus,Kanye West
be08eca655606d2a90620420,book,God Emperor of Dune,Frank Herbert
be79b615a3cf6f5f9d4a8f3f,book,Of Mice and Men,John Steinbeck
beec2c697e3e58f830c1cccf,book,Infinite Jest,David Foster Wallace
c0ca6048408b61f60e4e5d96,book,Snow Crash: A Novel,Neal Stephenson
c158f4ab79d7fb1b4628f319,book,The Two Towers,J.R.R. Tolkien
c27e9e271c2d2080737beca6,book,The Color of Truth: McGeorge Bundy and William Bundy: Brothers in War,Kai Bird
c29ec918dbc2bd33da8e676f,book,2666,Roberto Bolaño
c3848533198ab3a1d895c12d,book,The Stranger,Albert Camus
c396be770b30769a9d1995df,album,Rage Against the Machine,Rage Against the Machine
c6f79c722d6b9871929109b2,book,Paradise Lost,John Milton
c74dd4c74bc9918065b7880d,book,Victoria,Knut Hamsun
c8423eff96c6381db50b9143,album,a slice of life,deathbrain
c947a04c47ed0328ca9a174d,album,Strange Mercy,St. Vincent
ca6ff12ada36bf0a395456e8,book,The Paradox of American Power: Why the World's Only Superpower Can't Go It Alone,Joseph S. Nye Jr
caa0fb4da3d5e645d2c6752d,album,The Tortured Poets Department,Taylor Swift
cac65786080fbe563bb45c4a,book,The Remains of the Day,Kazuo Ishiguro
caf5de9fd3ab909debdd6687,book,Q: A Deadly Historical Thriller – Papal Spy Hunts Heretic Through...,Luther Blisset
ccc6016682e78425260baffe,album,The Wall,Pink Floyd
ce32e8103d1789ca77ebb376,book,Trouble on Triton,Samuel R. Delany
d42a9abe1329fe9bed1703d3,album,Siamese Dream,Smashing Pumpkins
d442581e0501a526f450072b,book,Heartburn,Nora Ephron
d45ce63ee206147499099253,album,LUX,ROSALÍA
d5ffe9b81a86b6c31b96d117,book,Ficciones,Jorge Luis Borges
d6758894b355bd25fa3920aa,book,To Rule All Under Heaven: A History of Classical China From Confucius to the First Emperor,Andrew Seth Meyer
d7e2b5db23788ff83e85f9d2,album,Talking Book,Stevie Wonder
d7ff74cb8b229d0378a265fc,book,Exhalation: Stories,Ted Chiang
d9d1b576d1a44926143d47a2,book,Kaputt,Curzio Malaparte
dadea8b54b1f048257fcca95,book,Marx's Concept of Man,Erich Fromm
dcce2e82b2d5cd6dea55473c,book,The Fire Next Time,James Baldwin
e0f10988eca058ca51dc93f2,book,Crime and Punishment,Fyodor Dostoevsky
e33f7fb4848924c4c24af44e,book,Penguin Island,Anatole France
e4a4af763229c82d0b85675b,album,Dummy,Portishead
e507da70783d862dea1db2e8,book,The Satanic Verses: A Novel,Salman Rushdie
e554f2af23eb48e4fff9eeb0,album,Ys,Joanna Newsom
e5d2dfd674f69678ad9ad714,album,Aquemini,OutKast
e8be2fcead12e270d0e91b85,album,Blood on the Tracks,Bob Dylan
ea5c7df78396e49bd782e99e,book,From Backrooms to Boardrooms: The Rise of Institutional Investment in Timberland,Daowei Zhang
eb8625d9be4a020b0c37370f,album,Lemonade,Beyoncé
eba03654fd9413c5655cbfbd,book,"Mariners, Renegades & Castaways",C. L. R. James
ed8e1ae0aa21cccf0b875708,book,The Israel-Palestine Conflict: One Hundred Years of War,James L. Gelvin
ef55db177a5e859855bc606a,book,The City and the Stars,Arthur C. Clarke
f249940186248525c9dd5408,album,Closing Time,Tom Waits
f28edd59115321cca1033570,album,Born to Die,Lana Del Rey
f2f16ee0089c762e893e0999,album,Birds of Fire,Mahavishnu Orchestra
f400dd1a1a279e59bc809664,book,Slouching Towards Bethlehem: Essays,Joan Didion
f41257d940969103473b85c4,book,Going Postal: A Novel of Discworld,Terry Pratchett
f5ecaf86662e86b04a351435,album,In Rainbows,Radiohead
f81320a66f37e73ff279c938,book,Orality and Literacy,Walter J. Ong
f938790f3383a24e763cee83,album,We Shall All Be Healed,The Mountain Goats
fa28981601ac69b2c2b31f8d,book,The Moral Animal: Why We Are the Way We Are: The New Science of Evolutionary Psychology,Robert Wright
ff7909201fa3c9e2322b9d59,album,Anthology 1935-1973,Bob Wills and His Texas Playboys
