list_id,item_id,position
5f2064e2-f522-4aac-824f-ff01e8244e3f,f81320a66f37e73ff279c938,1
5f2064e2-f522-4aac-824f-ff01e8244e3f,15d9496728598a0e93f8f73b,2
5f2064e2-f522-4aac-824f-ff01e8244e3f,39fc43841a5ad52267c3fd87,3
5f2064e2-f522-4aac-824f-ff01e8244e3f,9ed00c038d1f091711dc55fa,4
5f2064e2-f522-4aac-824f-ff01e8244e3f,84537b9de367b939f5e04a8d,5
5f2064e2-f522-4aac-824f-ff01e8244e3f,0ac58721477bd580050b99d6,6
5f2064e2-f522-4aac-824f-ff01e8244e3f,13bce5f07c63e75d01debfff,7
5f2064e2-f522-4aac-824f-ff01e8244e3f,eba03654fd9413c5655cbfbd,8
5f2064e2-f522-4aac-824f-ff01e8244e3f,2fa20d751fb94dc55a62b41f,9
